analysis_version,display_time_s,run_time_s,run_id,hole_index,contact_location_gt_mm,camera_timestamp_ns,camera_time_delta_ms,sequence_timestamp_ns,ground_truth_force_n,target_force_n,sequence_state,motor_timestamp_ns,motor_time_delta_ms,motor_torque_nm,tau0_nm,tau0_sample_count,optical_contact_detected,nearest_optical_location_raw_mm,optical_location_mm,optical_status,moment_arm_m,unscaled_force_predictor_n,global_alpha,alpha_calibration_run,estimated_force_n
1,0,0,run_005,1,0,605169818237170,0,605169818237170,0.637608172,2,waiting_for_target,605169815846502,2.390668,0.00854700855,0.0134310134,172,False,,-2.73529412,no contact: insufficient optical evidence,0.106335294,-0.0459302335,1.46931823,run_005,0
1,0.033540186,0.033540186,run_005,1,0,605169818237170,33.540186,605169851777356,0.629836708,2,waiting_for_target,605169845875322,5.902034,0.0134310134,0.0134310134,172,False,,-2.73529412,no contact: insufficient optical evidence,0.106335294,0,1.46931823,run_005,0
1,0.066698838,0.066698838,run_005,1,0,605169818237170,66.698838,605169884936008,0.591596074,2,waiting_for_target,605169875908112,9.027896,0.010989011,0.0134310134,172,False,,-2.73529412,no contact: insufficient optical evidence,0.106335294,-0.0229651167,1.46931823,run_005,0
1,0.100475382,0.100475382,run_005,1,0,605170018464792,99.75224,605169918712552,0.571363093,2,waiting_for_target,605169915857437,2.855115,0.0134310134,0.0134310134,172,False,,-2.73529412,no contact: insufficient optical evidence,0.106335294,0,1.46931823,run_005,0
1,0.133597288,0.133597288,run_005,1,0,605170018464792,66.630334,605169951834458,0.54689302,2,waiting_for_target,605169945995455,5.839003,0.00610500611,0.0134310134,172,False,,-2.73529412,no contact: insufficient optical evidence,0.106335294,-0.0688953502,1.46931823,run_005,0
1,0.166721968,0.166721968,run_005,1,0,605170018464792,33.505654,605169984959138,0.585635839,2,waiting_for_target,605169975929376,9.029762,0.010989011,0.0134310134,172,False,,-2.73529412,no contact: insufficient optical evidence,0.106335294,-0.0229651167,1.46931823,run_005,0
1,0.200227622,0.200227622,run_005,1,0,605170018464792,0,605170018464792,0.79381803,2,waiting_for_target,605170015829838,2.634954,0.0354090354,0.0134310134,172,False,,-2.73529412,no contact: insufficient optical evidence,0.106335294,0.206686051,1.46931823,run_005,0.303687582
1,0.23342751,0.23342751,run_005,1,0,605170018464792,33.199888,605170051664680,0.57807448,2,waiting_for_target,605170045873891,5.790789,0.0207570208,0.0134310134,172,False,,-2.73529412,no contact: insufficient optical evidence,0.106335294,0.0688953502,1.46931823,run_005,0.101229194
1,0.266874957,0.266874957,run_005,1,0,605170018464792,66.647335,605170085112127,0.759458909,2,waiting_for_target,605170075914591,9.197536,0.0183150183,0.0134310134,172,False,,-2.73529412,no contact: insufficient optical evidence,0.106335294,0.0459302335,1.46931823,run_005,0.0674861292
1,0.300477751,0.300477751,run_005,1,0,605170218700269,99.985348,605170118714921,0.68369131,2,waiting_for_target,605170115851158,2.863763,0.010989011,0.0134310134,172,False,,-2.73529412,no contact: insufficient optical evidence,0.106335294,-0.0229651167,1.46931823,run_005,0
1,0.334844922,0.334844922,run_005,1,0,605170218700269,65.618177,605170153082092,0.622367632,2,waiting_for_target,605170145875591,7.206501,0.0158730159,0.0134310134,172,False,,-2.73529412,no contact: insufficient optical evidence,0.106335294,0.0229651167,1.46931823,run_005,0.0337430646
1,0.367008362,0.367008362,run_005,1,0,605170218700269,33.454737,605170185245532,0.627097816,2,waiting_for_target,605170175894565,9.350967,0.0183150183,0.0134310134,172,False,,-2.73529412,no contact: insufficient optical evidence,0.106335294,0.0459302335,1.46931823,run_005,0.0674861292
1,0.400463099,0.400463099,run_005,1,0,605170218700269,0,605170218700269,0.638521183,2,waiting_for_target,605170215851482,2.848787,0.0158730159,0.0134310134,172,False,,-2.73529412,no contact: insufficient optical evidence,0.106335294,0.0229651167,1.46931823,run_005,0.0337430646
1,0.434151466,0.434151466,run_005,1,0,605170218700269,33.688367,605170252388636,0.733858013,2,waiting_for_target,605170245860219,6.528417,0.0183150183,0.0134310134,172,False,,-2.73529412,no contact: insufficient optical evidence,0.106335294,0.0459302335,1.46931823,run_005,0.0674861292
1,0.467189787,0.467189787,run_005,1,0,605170218700269,66.726688,605170285426957,0.634779553,2,waiting_for_target,605170275909646,9.517311,0.0134310134,0.0134310134,172,False,,-2.73529412,no contact: insufficient optical evidence,0.106335294,0,1.46931823,run_005,0
1,0.500456759,0.500456759,run_005,1,0,605170218700269,99.99366,605170318693929,0.653866586,2,waiting_for_target,605170315833909,2.86002,0.0158730159,0.0134310134,172,False,,-2.73529412,no contact: insufficient optical evidence,0.106335294,0.0229651167,1.46931823,run_005,0.0337430646
1,0.534130572,0.534130572,run_005,1,0,605170452104713,99.736971,605170352367742,0.703947629,2,waiting_for_target,605170345851726,6.516016,0.0134310134,0.0134310134,172,False,,-2.73529412,no contact: insufficient optical evidence,0.106335294,0,1.46931823,run_005,0
1,0.567071969,0.567071969,run_005,1,0,605170452104713,66.795574,605170385309139,0.551029066,2,waiting_for_target,605170375935840,9.373299,0.00610500611,0.0134310134,172,False,,-2.73529412,no contact: insufficient optical evidence,0.106335294,-0.0688953502,1.46931823,run_005,0
1,0.6004052,0.6004052,run_005,1,0,605170452104713,33.462343,605170418642370,0.641893233,2,waiting_for_target,605170415858278,2.784092,0.00610500611,0.0134310134,172,False,,-2.73529412,no contact: insufficient optical evidence,0.106335294,-0.0688953502,1.46931823,run_005,0
1,0.633867543,0.633867543,run_005,1,0,605170452104713,0,605170452104713,0.728080758,2,waiting_for_target,605170445857848,6.246865,0.00854700855,0.0134310134,172,False,,-2.73529412,no contact: insufficient optical evidence,0.106335294,-0.0459302335,1.46931823,run_005,0
1,0.667257093,0.667257093,run_005,1,0,605170452104713,33.38955,605170485494263,0.691047368,2,waiting_for_target,605170475987305,9.506958,0.00854700855,0.0134310134,172,False,,-2.73529412,no contact: insufficient optical evidence,0.106335294,-0.0459302335,1.46931823,run_005,0
1,0.700859862,0.700859862,run_005,1,0,605170452104713,66.992319,605170519097032,0.660016383,2,waiting_for_target,605170515840168,3.256864,0.00854700855,0.0134310134,172,False,,-2.73529412,no contact: insufficient optical evidence,0.106335294,-0.0459302335,1.46931823,run_005,0
1,0.734019786,0.734019786,run_005,1,0,605170652189287,99.932331,605170552256956,0.777139605,2,waiting_for_target,605170546287228,5.969728,0.010989011,0.0134310134,172,False,,-2.73529412,no contact: insufficient optical evidence,0.106335294,-0.0229651167,1.46931823,run_005,0
1,0.767201915,0.767201915,run_005,1,0,605170652189287,66.750202,605170585439085,0.744032476,2,waiting_for_target,605170575911156,9.527929,0.0158730159,0.0134310134,172,False,,-2.73529412,no contact: insufficient optical evidence,0.106335294,0.0229651167,1.46931823,run_005,0.0337430646
1,0.800633536,0.800633536,run_005,1,0,605170652189287,33.318581,605170618870706,0.694520358,2,waiting_for_target,605170615849158,3.021548,0.0134310134,0.0134310134,172,False,,-2.73529412,no contact: insufficient optical evidence,0.106335294,0,1.46931823,run_005,0
1,0.833952117,0.833952117,run_005,1,0,605170652189287,0,605170652189287,0.543805155,2,waiting_for_target,605170645860085,6.329202,-0.00122100122,0.0134310134,172,False,,-2.73529412,no contact: insufficient optical evidence,0.106335294,-0.1377907,1.46931823,run_005,0
1,0.86722614,0.86722614,run_005,1,0,605170652189287,33.274023,605170685463310,0.517912047,2,waiting_for_target,605170675914113,9.549197,0.00610500611,0.0134310134,172,False,,-2.73529412,no contact: insufficient optical evidence,0.106335294,-0.0688953502,1.46931823,run_005,0
1,0.900653147,0.900653147,run_005,1,0,605170652189287,66.70103,605170718890317,0.764441719,2,waiting_for_target,605170716085717,2.8046,0.00854700855,0.0134310134,172,False,,-2.73529412,no contact: insufficient optical evidence,0.106335294,-0.0459302335,1.46931823,run_005,0
1,0.933971168,0.933971168,run_005,1,0,605170652189287,100.019051,605170752208338,0.637089562,2,waiting_for_target,605170745859744,6.348594,0.00854700855,0.0134310134,172,False,,-2.73529412,no contact: insufficient optical evidence,0.106335294,-0.0459302335,1.46931823,run_005,0
1,0.967290419,0.967290419,run_005,1,0,605170852489170,66.961581,605170785527589,0.623715858,2,waiting_for_target,605170775909987,9.617602,0.00610500611,0.0134310134,172,False,,-2.73529412,no contact: insufficient optical evidence,0.106335294,-0.0688953502,1.46931823,run_005,0
1,1.00095829,1.00095829,run_005,1,0,605170852489170,33.293709,605170819195461,0.665424134,2,waiting_for_target,605170815855956,3.339505,0.0134310134,0.0134310134,172,False,,-2.73529412,no contact: insufficient optical evidence,0.106335294,0,1.46931823,run_005,0
1,1.034252,1.034252,run_005,1,0,605170852489170,0,605170852489170,0.658345914,2,waiting_for_target,605170845868403,6.620767,0.010989011,0.0134310134,172,False,,-2.73529412,no contact: insufficient optical evidence,0.106335294,-0.0229651167,1.46931823,run_005,0
1,1.06784579,1.06784579,run_005,1,0,605170852489170,33.593793,605170886082963,0.446419749,2,waiting_for_target,605170885850912,0.232051,0.0207570208,0.0134310134,172,False,,-2.73529412,no contact: insufficient optical evidence,0.106335294,0.0688953502,1.46931823,run_005,0.101229194
1,1.10091086,1.10091086,run_005,1,0,605170852489170,66.658859,605170919148029,0.643100666,2,waiting_for_target,605170915855517,3.292512,0.00854700855,0.0134310134,172,False,,-2.73529412,no contact: insufficient optical evidence,0.106335294,-0.0459302335,1.46931823,run_005,0
1,1.13448749,1.13448749,run_005,1,0,605171052732042,100.007383,605170952724659,0.461535982,2,waiting_for_target,605170945868263,6.856396,0.0183150183,0.0134310134,172,False,,-2.73529412,no contact: insufficient optical evidence,0.106335294,0.0459302335,1.46931823,run_005,0.0674861292
1,1.16746587,1.16746587,run_005,1,0,605171052732042,67.028998,605170985703044,0.426041046,2,waiting_for_target,605170975938080,9.764964,0.0158730159,0.0134310134,172,False,,-2.73529412,no contact: insufficient optical evidence,0.106335294,0.0229651167,1.46931823,run_005,0.0337430646
1,1.23449487,1.23449487,run_005,1,0,605171052732042,0,605171052732042,0.684322852,2,waiting_for_target,605171045849502,6.88254,0.010989011,0.0134310134,172,False,,-2.73529412,no contact: insufficient optical evidence,0.106335294,-0.0229651167,1.46931823,run_005,0
1,1.26759053,1.26759053,run_005,1,0,605171052732042,33.095662,605171085827704,0.53142937,2,waiting_for_target,605171075842817,9.984887,0.0134310134,0.0134310134,172,False,,-2.73529412,no contact: insufficient optical evidence,0.106335294,0,1.46931823,run_005,0
1,1.30089219,1.30089219,run_005,1,0,605171052732042,66.397315,605171119129357,0.52499054,2,waiting_for_target,605171115846255,3.283102,0.0158730159,0.0134310134,172,False,,-2.73529412,no contact: insufficient optical evidence,0.106335294,0.0229651167,1.46931823,run_005,0.0337430646
1,1.33447779,1.33447779,run_005,1,0,605171052732042,99.982918,605171152714960,0.859108671,2,waiting_for_target,605171145830380,6.88458,0.0158730159,0.0134310134,172,False,,-2.73529412,no contact: insufficient optical evidence,0.106335294,0.0229651167,1.46931823,run_005,0.0337430646
1,1.3674602,1.3674602,run_005,1,0,605171286472722,100.775351,605171185697371,1.00581248,2,settling,605171175855624,9.841747,0.00854700855,0.0134310134,172,False,,-2.73529412,no contact: insufficient optical evidence,0.106335294,-0.0459302335,1.46931823,run_005,0
1,1.40117817,1.40117817,run_005,1,0,605171286472722,67.057386,605171219415336,1.63676912,2,settling,605171215863575,3.551761,0.0183150183,0.0134310134,172,False,,-2.73529412,no contact: insufficient optical evidence,0.106335294,0.0459302335,1.46931823,run_005,0.0674861292
1,1.43446675,1.43446675,run_005,1,0,605171286472722,33.768806,605171252703916,1.37580498,2,settling,605171245860463,6.843453,0.0134310134,0.0134310134,172,False,,-2.73529412,no contact: insufficient optical evidence,0.106335294,0,1.46931823,run_005,0
1,1.46823555,1.46823555,run_005,1,0,605171286472722,0,605171286472722,1.661934,2,settling,605171285865425,0.607297,0.0183150183,0.0134310134,172,False,,-2.73529412,no contact: insufficient optical evidence,0.106335294,0.0459302335,1.46931823,run_005,0.0674861292
1,1.50099399,1.50099399,run_005,1,0,605171286472722,32.758437,605171319231159,1.21006787,2,settling,605171315862097,3.369062,0.00854700855,0.0134310134,172,False,,-2.73529412,no contact: insufficient optical evidence,0.106335294,-0.0459302335,1.46931823,run_005,0
1,1.53430961,1.53430961,run_005,1,0,605171286472722,66.074057,605171352546779,0.44152593,2,waiting_for_target,605171345877125,6.669654,0.0158730159,0.0134310134,172,False,,-2.73529412,no contact: insufficient optical evidence,0.106335294,0.0229651167,1.46931823,run_005,0.0337430646
1,1.56758961,1.56758961,run_005,1,0,605171286472722,99.354061,605171385826783,0.465412588,2,waiting_for_target,605171375847207,9.979576,0.00610500611,0.0134310134,172,False,,-2.73529412,no contact: insufficient optical evidence,0.106335294,-0.0688953502,1.46931823,run_005,0
1,1.6013744,1.6013744,run_005,1,0,605171519527766,99.916197,605171419611569,0.460287924,2,waiting_for_target,605171415837413,3.774156,0.0134310134,0.0134310134,172,False,,-2.73529412,no contact: insufficient optical evidence,0.106335294,0,1.46931823,run_005,0
1,1.63468413,1.63468413,run_005,1,0,605171519527766,66.606465,605171452921301,0.204538165,2,waiting_for_target,605171445877812,7.043489,0.0134310134,0.0134310134,172,False,,-2.73529412,no contact: insufficient optical evidence,0.106335294,0,1.46931823,run_005,0
1,1.66785123,1.66785123,run_005,1,0,605171519527766,33.439363,605171486088403,0.312810096,2,waiting_for_target,605171485853091,0.235312,0.0158730159,0.0134310134,172,False,,-2.73529412,no contact: insufficient optical evidence,0.106335294,0.0229651167,1.46931823,run_005,0.0337430646
1,1.7012906,1.7012906,run_005,1,0,605171519527766,0,605171519527766,0.278894038,2,waiting_for_target,605171515900446,3.62732,0.0158730159,0.0134310134,172,False,,-2.73529412,no contact: insufficient optical evidence,0.106335294,0.0229651167,1.46931823,run_005,0.0337430646
1,1.73472206,1.73472206,run_005,1,0,605171519527766,33.431467,605171552959233,0.218265031,2,waiting_for_target,605171545852755,7.106478,0.0158730159,0.0134310134,172,False,,-2.73529412,no contact: insufficient optical evidence,0.106335294,0.0229651167,1.46931823,run_005,0.0337430646
1,1.76814433,1.76814433,run_005,1,0,605171519527766,66.853738,605171586381504,0.341006234,2,waiting_for_target,605171586176544,0.20496,0.010989011,0.0134310134,172,False,,-2.73529412,no contact: insufficient optical evidence,0.106335294,-0.0229651167,1.46931823,run_005,0
1,1.80140732,1.80140732,run_005,1,0,605171519527766,100.116722,605171619644488,0.303549985,2,waiting_for_target,605171615856995,3.787493,0.0134310134,0.0134310134,172,False,,-2.73529412,no contact: insufficient optical evidence,0.106335294,0,1.46931823,run_005,0
1,1.86796446,1.86796446,run_005,1,0,605171753181867,66.980237,605171686201630,0.97854857,2,waiting_for_target,605171685842170,0.35946,0.032967033,0.0134310134,172,False,,-2.73529412,no contact: insufficient optical evidence,0.106335294,0.183720934,1.46931823,run_005,0.269944517
1,1.90122017,1.90122017,run_005,1,0,605171753181867,33.724525,605171719457342,1.08640541,2,settling,605171715837789,3.619553,0.0158730159,0.0134310134,172,False,,-2.73529412,no contact: insufficient optical evidence,0.106335294,0.0229651167,1.46931823,run_005,0.0337430646
1,1.9349447,1.9349447,run_005,1,0,605171753181867,0,605171753181867,0.994283583,2,waiting_for_target,605171745862638,7.319229,0.0207570208,0.0134310134,172,False,,-2.73529412,no contact: insufficient optical evidence,0.106335294,0.0688953502,1.46931823,run_005,0.101229194
1,1.96823402,1.96823402,run_005,1,0,605171753181867,33.289319,605171786471186,1.04273326,2,settling,605171785853746,0.61744,0.0256410256,0.0134310134,172,False,,-2.73529412,no contact: insufficient optical evidence,0.106335294,0.114825584,1.46931823,run_005,0.168715323
1,2.00155401,2.00155401,run_005,1,0,605171753181867,66.609309,605171819791176,1.48396957,2,settling,605171815842329,3.948847,0.0427350427,0.0134310134,172,False,,-2.73529412,no contact: insufficient optical evidence,0.106335294,0.275581401,1.46931823,run_005,0.404916775
1,2.03471347,2.03471347,run_005,1,0,605171753181867,99.768769,605171852950636,1.74343931,2,settling,605171846096250,6.854386,0.032967033,0.0134310134,172,False,,-2.73529412,no contact: insufficient optical evidence,0.106335294,0.183720934,1.46931823,run_005,0.269944517
1,2.06818267,2.06818267,run_005,1,0,605171986902276,100.482441,605171886419835,1.96615348,2,settling,605171885854806,0.565029,0.0573870574,0.0134310134,172,True,-2.73529412,-2.73529412,contact localized,0.106335294,0.413372101,1.46931823,run_005,0.607375163
1,2.10153251,2.10153251,run_005,1,0,605171986902276,67.132599,605171919769677,2.17022731,2,settling,605171915854727,3.91495,0.0354090354,0.0134310134,172,True,-2.73529412,-2.73529412,contact localized,0.106335294,0.206686051,1.46931823,run_005,0.303687582
1,2.13487505,2.13487505,run_005,1,0,605171986902276,33.790055,605171953112221,2.24258246,2,settling,605171945847718,7.264503,0.032967033,0.0134310134,172,True,-2.73529412,-2.73529412,contact localized,0.106335294,0.183720934,1.46931823,run_005,0.269944517
1,2.16866511,2.16866511,run_005,1,0,605171986902276,0,605171986902276,2.36997253,2,settling,605171985854110,1.048166,0.0476190476,0.0134310134,172,True,-2.73529412,-2.73529412,contact localized,0.106335294,0.321511634,1.46931823,run_005,0.472402905
1,2.20143831,2.20143831,run_005,1,0,605171986902276,32.773209,605172019675485,2.42366499,2,settling,605172015847247,3.828238,0.0598290598,0.0134310134,172,True,-2.73529412,-2.8014802,contact localized,0.10640148,0.436065798,1.46931823,run_005,0.640719426
1,2.23503992,2.23503992,run_005,1,0,605171986902276,66.374818,605172053277094,2.81048202,2,recording,605172045862004,7.41509,0.0866910867,0.0134310134,172,True,-2.73529412,-2.86933925,contact localized,0.106469339,0.688086108,1.46931823,run_005,1.01101746
1,2.26840355,2.26840355,run_005,1,0,605171986902276,99.738445,605172086640721,3.05247691,2,waiting_for_target,605172085856916,0.783805,0.111111111,0.0134310134,172,True,-2.73529412,-2.93671769,contact localized,0.106536718,0.91686791,1.46931823,run_005,1.34717073
1,2.3016367,2.3016367,run_005,1,0,605172219922371,100.0485,605172119873871,3.03769239,2,waiting_for_target,605172115871688,4.002183,0.113553114,0.0134310134,172,True,-3.20588235,-3.00383262,contact localized,0.106603833,0.939197941,1.46931823,run_005,1.37998065
1,2.33530986,2.33530986,run_005,1,0,605172219922371,66.375339,605172153547032,2.83716716,2,settling,605172145870351,7.676681,0.133089133,0.0134310134,172,True,-3.20588235,-3.07183617,contact localized,0.106671836,1.12174051,1.46931823,run_005,1.64819377
1,2.36834173,2.36834173,run_005,1,0,605172219922371,33.343475,605172186578896,2.67723193,2,settling,605172185856139,0.722757,0.120879121,0.0134310134,172,True,-3.20588235,-3.13854461,contact localized,0.106738545,1.00664767,1.46931823,run_005,1.47908577
1,2.4016852,2.4016852,run_005,1,0,605172219922371,0,605172219922371,2.61502611,2,settling,605172215850294,4.072077,0.120879121,0.0134310134,172,True,-3.20588235,-3.20588235,contact localized,0.106805882,1.00601301,1.46931823,run_005,1.47815326
1,2.43538752,2.43538752,run_005,1,0,605172219922371,33.702323,605172253624694,2.68694834,2,settling,605172245934661,7.690033,0.120879121,0.0134310134,172,True,-3.20588235,-3.28515211,contact localized,0.106885152,1.00526692,1.46931823,run_005,1.47705701
1,2.46850646,2.46850646,run_005,1,0,605172219922371,66.821262,605172286743633,2.54880166,2,settling,605172285855171,0.888462,0.123321123,0.0134310134,172,True,-3.20588235,-3.36304971,contact localized,0.10696305,1.02736515,1.46931823,run_005,1.50952635
1,2.50166263,2.50166263,run_005,1,0,605172219922371,99.977431,605172319899802,2.4118838,2,settling,605172315833209,4.066593,0.128205128,0.0134310134,172,True,-3.20588235,-3.44103488,contact localized,0.107041035,1.07224407,1.46931823,run_005,1.57546776
1,2.53506222,2.53506222,run_005,1,0,605172419997627,66.698233,605172353299394,2.45046842,2,settling,605172345855914,7.44348,0.123321123,0.0134310134,172,True,-3.67647059,-3.5195926,contact localized,0.107119593,1.02586378,1.46931823,run_005,1.50732035
1,2.56842083,2.56842083,run_005,1,0,605172419997627,33.33963,605172386657997,2.66805833,2,settling,605172385853327,0.80467,0.123321123,0.0134310134,172,True,-3.67647059,-3.59805391,contact localized,0.107198054,1.02511292,1.46931823,run_005,1.5062171
1,2.60176046,2.60176046,run_005,1,0,605172419997627,0,605172419997627,2.61011691,2,recording,605172415900480,4.097147,0.130647131,0.0134310134,172,True,-3.67647059,-3.67647059,contact localized,0.107276471,1.09265449,1.46931823,run_005,1.60545716
1,2.63530328,2.63530328,run_005,1,0,605172419997627,33.542824,605172453540451,2.76373323,2,recording,605172445861158,7.679293,0.135531136,0.0134310134,172,True,-3.67647059,-3.67647059,contact localized,0.107276471,1.13818176,1.46931823,run_005,1.67235121
1,2.66850212,2.66850212,run_005,1,0,605172419997627,66.741667,605172486739294,2.91131216,2,recording,605172485855276,0.884018,0.162393162,0.0134310134,172,True,-3.67647059,-3.67647059,contact localized,0.107276471,1.38858175,1.46931823,run_005,2.04026847
1,2.70197614,2.70197614,run_005,1,0,605172620138449,99.92514,605172520213309,3.2908939,2,waiting_for_target,605172515852135,4.361174,0.174603175,0.0134310134,172,True,-3.67647059,-3.67647059,contact localized,0.107276471,1.50239992,1.46931823,run_005,2.20750359
1,2.73520072,2.73520072,run_005,1,0,605172620138449,66.700561,605172553437888,3.64489883,2,waiting_for_target,605172545862947,7.574941,0.196581197,0.0134310134,172,True,-3.67647059,-3.67647059,contact localized,0.107276471,1.70727264,1.46931823,run_005,2.50852681
1,2.76863039,2.76863039,run_005,1,0,605172620138449,33.270888,605172586867561,4.13614578,2,waiting_for_target,605172585862169,1.005392,0.240537241,0.0134310134,172,True,-3.67647059,-3.67647059,contact localized,0.107276471,2.11701807,1.46931823,run_005,3.11057324
1,2.80190128,2.80190128,run_005,1,0,605172620138449,0,605172620138449,4.99782875,2,waiting_for_target,605172615848419,4.29003,0.294261294,0.0134310134,172,True,-3.67647059,-3.67647059,contact localized,0.107276471,2.61781805,1.46931823,run_005,3.84640778
1,2.83545305,2.83545305,run_005,1,0,605172620138449,33.551775,605172653690224,6.00694325,2,waiting_for_target,605172645994249,7.695975,0.333333333,0.0134310134,172,True,-3.67647059,-3.67647059,contact localized,0.107276471,2.98203621,1.46931823,run_005,4.38156016
1,2.86892999,2.86892999,run_005,1,0,605172620138449,67.02871,605172687167159,6.06978686,2,waiting_for_target,605172685853962,1.313197,0.355311355,0.0134310134,172,True,-3.67647059,-3.67647059,contact localized,0.107276471,3.18690893,1.46931823,run_005,4.68258338
1,2.9021717,2.9021717,run_005,1,0,605172820363648,99.954774,605172720408874,6.00401251,2,waiting_for_target,605172716224892,4.183982,0.357753358,0.0134310134,172,True,-3.67647059,-3.67647059,contact localized,0.107276471,3.20967256,1.46931823,run_005,4.7160304
1,2.96875811,2.96875811,run_005,1,0,605172820363648,33.36837,605172786995278,5.1820071,2,waiting_for_target,605172785834192,1.161086,0.357753358,0.0134310134,172,True,-3.67647059,-3.67647059,contact localized,0.107276471,3.20967256,1.46931823,run_005,4.7160304
1,3.00212648,3.00212648,run_005,1,0,605172820363648,0,605172820363648,5.69217569,2,waiting_for_target,605172815858158,4.50549,0.362637363,0.0134310134,172,True,-3.67647059,-3.67647059,contact localized,0.107276471,3.25519983,1.46931823,run_005,4.78292445
1,3.03561743,3.03561743,run_005,1,0,605172820363648,33.490957,605172853854605,5.97340988,2,waiting_for_target,605172845944841,7.909764,0.357753358,0.0134310134,172,True,-3.67647059,-3.67647059,contact localized,0.107276471,3.20967256,1.46931823,run_005,4.7160304
1,3.06889035,3.06889035,run_005,1,0,605172820363648,66.763868,605172887127516,5.5376926,2,waiting_for_target,605172885946372,1.181144,0.365079365,0.0134310134,172,True,-3.67647059,-3.67647059,contact localized,0.107276471,3.27796347,1.46931823,run_005,4.81637148
1,3.10225155,3.10225155,run_005,1,0,605173020550769,100.062051,605172920488718,5.21547989,2,waiting_for_target,605172915857474,4.631244,0.365079365,0.0134310134,172,True,-3.67647059,-3.67647059,contact localized,0.107276471,3.27796347,1.46931823,run_005,4.81637148
1,3.13535671,3.13535671,run_005,1,0,605173020550769,66.956892,605172953593877,4.50009043,2,waiting_for_target,605172945895433,7.698444,0.365079365,0.0134310134,172,True,-3.67647059,-3.67647059,contact localized,0.107276471,3.27796347,1.46931823,run_005,4.81637148
1,3.16889523,3.16889523,run_005,1,0,605173020550769,33.418371,605172987132398,3.45534174,2,waiting_for_target,605172985857059,1.275339,0.352869353,0.0134310134,172,True,-3.67647059,-3.67647059,contact localized,0.107276471,3.16414529,1.46931823,run_005,4.64913635
1,3.2023136,3.2023136,run_005,1,0,605173020550769,0,605173020550769,3.17147119,2,waiting_for_target,605173015849721,4.701048,0.330891331,0.0134310134,172,True,-3.67647059,-3.67647059,contact localized,0.107276471,2.95927258,1.46931823,run_005,4.34811314
1,3.26897637,3.26897637,run_005,1,0,605173020550769,66.662772,605173087213541,2.84910169,2,settling,605173085855257,1.358284,0.313797314,0.0134310134,172,True,-3.67647059,-3.67647059,contact localized,0.107276471,2.79992713,1.46931823,run_005,4.11398397
1,3.30235319,3.30235319,run_005,1,0,605173020550769,100.039593,605173120590362,2.60690805,2,settling,605173115853749,4.736613,0.308913309,0.0134310134,172,True,-3.67647059,-3.67647059,contact localized,0.107276471,2.75439986,1.46931823,run_005,4.04708992
1,3.33577384,3.33577384,run_005,1,0,605173220826631,66.815623,605173154011008,2.71521381,2,settling,605173145885048,8.12596,0.304029304,0.0134310134,172,True,-3.67647059,-3.67647059,contact localized,0.107276471,2.70887259,1.46931823,run_005,3.98019587
1,3.36916431,3.36916431,run_005,1,0,605173220826631,33.425148,605173187401483,2.49612817,2,settling,605173185871922,1.529561,0.299145299,0.0134310134,172,True,-3.67647059,-3.67647059,contact localized,0.107276471,2.66334532,1.46931823,run_005,3.91330182
1,3.40258946,3.40258946,run_005,1,0,605173220826631,0,605173220826631,2.15074811,2,settling,605173215827978,4.998653,0.294261294,0.0134310134,172,True,-3.67647059,-3.67647059,contact localized,0.107276471,2.61781805,1.46931823,run_005,3.84640778
1,3.43603984,3.43603984,run_005,1,0,605173220826631,33.450383,605173254277014,1.91103006,2,settling,605173245943749,8.333265,0.289377289,0.0134310134,172,True,-3.67647059,-3.67647059,contact localized,0.107276471,2.57229078,1.46931823,run_005,3.77951373
1,3.46928903,3.46928903,run_005,1,0,605173220826631,66.699568,605173287526199,1.95744982,2,settling,605173285854138,1.672061,0.272283272,0.0134310134,172,True,-3.67647059,-3.67647059,contact localized,0.107276471,2.41294533,1.46931823,run_005,3.54538456
1,3.50250483,3.50250483,run_005,1,0,605173220826631,99.915373,605173320742004,1.98700077,2,settling,605173315861300,4.880704,0.26984127,0.0134310134,172,True,-3.67647059,-3.67647059,contact localized,0.107276471,2.3901817,1.46931823,run_005,3.51193753
1,3.53590655,3.53590655,run_005,1,0,605173420928265,66.78454,605173354143725,1.95414639,2,recording,605173345867487,8.276238,0.26984127,0.0134310134,172,True,-3.67647059,-3.67647059,contact localized,0.107276471,2.3901817,1.46931823,run_005,3.51193753
1,3.56952591,3.56952591,run_005,1,0,605173420928265,33.165187,605173387763078,2.06760655,2,recording,605173385851473,1.911605,0.26984127,0.0134310134,172,True,-3.67647059,-3.67647059,contact localized,0.107276471,2.3901817,1.46931823,run_005,3.51193753
1,3.60269109,3.60269109,run_005,1,0,605173420928265,0,605173420928265,2.10442887,2,recording,605173415866617,5.061648,0.26984127,0.0134310134,172,True,-3.67647059,-3.67647059,contact localized,0.107276471,2.3901817,1.46931823,run_005,3.51193753
1,3.63598976,3.63598976,run_005,1,0,605173420928265,33.298662,605173454226927,2.08835048,2,recording,605173445900472,8.326455,0.267399267,0.0134310134,172,True,-3.67647059,-3.64288007,contact localized,0.10724288,2.36815958,1.46931823,run_005,3.47958004
1,3.66930331,3.66930331,run_005,1,0,605173420928265,66.612214,605173487540479,2.09459757,2,recording,605173486007988,1.532491,0.267399267,0.0134310134,172,True,-3.67647059,-3.60927452,contact localized,0.107209275,2.3689019,1.46931823,run_005,3.48067074
1,3.70258691,3.70258691,run_005,1,0,605173420928265,99.895812,605173520824077,2.07781216,2,recording,605173515847250,4.976827,0.26984127,0.0134310134,172,True,-3.67647059,-3.57569919,contact localized,0.107175699,2.39242905,1.46931823,run_005,3.51523962
1,3.73618709,3.73618709,run_005,1,0,605173654177961,99.753702,605173554424259,2.00096548,2,recording,605173545961650,8.462609,0.26984127,0.0134310134,172,True,-3.44117647,-3.54180451,contact localized,0.107141805,2.39318591,1.46931823,run_005,3.51635167
1,3.76931372,3.76931372,run_005,1,0,605173654177961,66.627066,605173587550895,2.04352724,2,recording,605173585855248,1.695647,0.274725275,0.0134310134,172,True,-3.44117647,-3.50838752,contact localized,0.107108388,2.43953128,1.46931823,run_005,3.58444777
1,3.80260939,3.80260939,run_005,1,0,605173654177961,33.331399,605173620846562,2.4600557,2,waiting_for_target,605173615844186,5.002376,0.264957265,0.0134310134,172,True,-3.44117647,-3.47480002,contact localized,0.1070748,2.34907048,1.46931823,run_005,3.45153207
1,3.83594079,3.83594079,run_005,1,0,605173654177961,0,605173654177961,2.78392258,5,waiting_for_target,605173645854492,8.323469,0.264957265,0.0134310134,172,True,-3.44117647,-3.44117647,contact localized,0.107041176,2.34980836,1.46931823,run_005,3.45261626
1,3.86964993,3.86964993,run_005,1,0,605173654177961,33.709139,605173687887100,2.98114383,5,waiting_for_target,605173685865173,2.021927,0.26984127,0.0134310134,172,True,-3.44117647,-3.44117647,contact localized,0.107041176,2.39543571,1.46931823,run_005,3.51965735
1,3.90274364,3.90274364,run_005,1,0,605173654177961,66.802844,605173720980805,3.2631292,5,waiting_for_target,605173715828020,5.152785,0.26984127,0.0134310134,172,True,-3.44117647,-3.44117647,contact localized,0.107041176,2.39543571,1.46931823,run_005,3.51965735
1,3.93625247,3.93625247,run_005,1,0,605173854350137,99.860496,605173754489641,3.28516739,5,waiting_for_target,605173746332606,8.157035,0.267399267,0.0134310134,172,True,-3.44117647,-3.44117647,contact localized,0.107041176,2.37262204,1.46931823,run_005,3.4861368
1,3.96967077,3.96967077,run_005,1,0,605173854350137,66.442196,605173787907941,3.09152939,5,waiting_for_target,605173785848803,2.059138,0.26984127,0.0134310134,172,True,-3.44117647,-3.44117647,contact localized,0.107041176,2.39543571,1.46931823,run_005,3.51965735
1,4.00289185,4.00289185,run_005,1,0,605173854350137,33.221116,605173821129021,2.97827003,5,waiting_for_target,605173815836186,5.292835,0.267399267,0.0134310134,172,True,-3.44117647,-3.44117647,contact localized,0.107041176,2.37262204,1.46931823,run_005,3.4861368
1,4.03611297,4.03611297,run_005,1,0,605173854350137,0,605173854350137,3.04119083,5,waiting_for_target,605173845907417,8.44272,0.267399267,0.0134310134,172,True,-3.44117647,-3.44117647,contact localized,0.107041176,2.37262204,1.46931823,run_005,3.4861368
1,4.06949753,4.06949753,run_005,1,0,605173854350137,33.384559,605173887734696,3.3978155,5,waiting_for_target,605173885850954,1.883742,0.267399267,0.0134310134,172,True,-3.44117647,-3.48036153,contact localized,0.107080362,2.3717538,1.46931823,run_005,3.48486109
1,4.10289997,4.10289997,run_005,1,0,605173854350137,66.786999,605173921137136,4.03656944,5,settling,605173916090053,5.047083,0.26984127,0.0134310134,172,True,-3.44117647,-3.51956758,contact localized,0.107119568,2.39368271,1.46931823,run_005,3.51708163
1,4.13634124,4.13634124,run_005,1,0,605173854350137,100.228276,605173954578413,4.7419065,5,settling,605173945914024,8.664389,0.277167277,0.0134310134,172,True,-3.44117647,-3.55881922,contact localized,0.107158819,2.4611718,1.46931823,run_005,3.61624458
1,4.16981572,4.16981572,run_005,1,0,605174054814038,66.761148,605173988052890,6.01396412,5,waiting_for_target,605173985866619,2.186271,0.330891331,0.0134310134,172,True,-3.67647059,-3.59810982,contact localized,0.10719811,2.96143578,1.46931823,run_005,4.35129157
1,4.20361832,4.20361832,run_005,1,0,605174054814038,32.958544,605174021855494,6.68013272,5,waiting_for_target,605174015846672,6.008822,0.37973138,0.0134310134,172,True,-3.67647059,-3.63778556,contact localized,0.107237786,3.41577705,1.46931823,run_005,5.01886348
1,4.23657687,4.23657687,run_005,1,0,605174054814038,0,605174054814038,6.38970373,5,waiting_for_target,605174045962341,8.851697,0.389499389,0.0134310134,172,True,-3.67647059,-3.67647059,contact localized,0.107276471,3.50559982,1.46931823,run_005,5.15084172
1,4.26996023,4.26996023,run_005,1,0,605174054814038,33.383358,605174088197396,6.471849,5,waiting_for_target,605174085849197,2.348199,0.404151404,0.0134310134,172,True,-3.67647059,-3.67647059,contact localized,0.107276471,3.64218163,1.46931823,run_005,5.35152386
1,4.30329156,4.30329156,run_005,1,0,605174054814038,66.714692,605174121528730,5.81858986,5,settling,605174115868797,5.659933,0.404151404,0.0134310134,172,True,-3.67647059,-3.67647059,contact localized,0.107276471,3.64218163,1.46931823,run_005,5.35152386
1,4.33686141,4.33686141,run_005,1,0,605174054814038,100.284539,605174155098577,5.68705309,5,settling,605174145966314,9.132263,0.401709402,0.0134310134,172,True,-3.67647059,-3.67647059,contact localized,0.107276471,3.619418,1.46931823,run_005,5.31807684
1,4.36977396,4.36977396,run_005,1,0,605174288217659,100.206534,605174188011125,5.69338614,5,settling,605174185852795,2.15833,0.404151404,0.0134310134,172,True,-3.67647059,-3.67647059,contact localized,0.107276471,3.64218163,1.46931823,run_005,5.35152386
1,4.40326142,4.40326142,run_005,1,0,605174288217659,66.719068,605174221498591,5.56039125,5,settling,605174215864403,5.634188,0.404151404,0.0134310134,172,True,-3.67647059,-3.67647059,contact localized,0.107276471,3.64218163,1.46931823,run_005,5.35152386
1,4.43654364,4.43654364,run_005,1,0,605174288217659,33.43685,605174254780809,5.65871638,5,settling,605174245874959,8.90585,0.404151404,0.0134310134,172,True,-3.67647059,-3.67647059,contact localized,0.107276471,3.64218163,1.46931823,run_005,5.35152386
1,4.46998049,4.46998049,run_005,1,0,605174288217659,0,605174288217659,5.36000938,5,settling,605174285856008,2.361651,0.404151404,0.0134310134,172,True,-3.67647059,-3.67647059,contact localized,0.107276471,3.64218163,1.46931823,run_005,5.35152386
1,4.50324805,4.50324805,run_005,1,0,605174288217659,33.267565,605174321485224,5.4540669,5,settling,605174315856030,5.629194,0.406593407,0.0134310134,172,True,-3.67647059,-3.67647059,contact localized,0.107276471,3.66494527,1.46931823,run_005,5.38497089
1,4.53657872,4.53657872,run_005,1,0,605174288217659,66.598228,605174354815887,5.39647563,5,settling,605174345944036,8.871851,0.406593407,0.0134310134,172,True,-3.67647059,-3.67647059,contact localized,0.107276471,3.66494527,1.46931823,run_005,5.38497089
1,4.57020331,4.57020331,run_005,1,0,605174488359193,99.918711,605174388440482,5.14198899,5,recording,605174385865588,2.574894,0.404151404,0.0134310134,172,True,-3.67647059,-3.67647059,contact localized,0.107276471,3.64218163,1.46931823,run_005,5.35152386
1,4.60321478,4.60321478,run_005,1,0,605174488359193,66.907247,605174421451946,5.16980821,5,recording,605174415878257,5.573689,0.406593407,0.0134310134,172,True,-3.67647059,-3.67647059,contact localized,0.107276471,3.66494527,1.46931823,run_005,5.38497089
1,4.63660567,4.63660567,run_005,1,0,605174488359193,33.516351,605174454842842,5.20129944,5,recording,605174445895887,8.946955,0.404151404,0.0134310134,172,True,-3.67647059,-3.67647059,contact localized,0.107276471,3.64218163,1.46931823,run_005,5.35152386
1,4.67012202,4.67012202,run_005,1,0,605174488359193,0,605174488359193,5.41056424,5,recording,605174485915343,2.44385,0.406593407,0.0134310134,172,True,-3.67647059,-3.67647059,contact localized,0.107276471,3.66494527,1.46931823,run_005,5.38497089
1,4.70344453,4.70344453,run_005,1,0,605174488359193,33.322506,605174521681699,5.353774,5,recording,605174515854730,5.826969,0.404151404,0.0134310134,172,True,-3.67647059,-3.67647059,contact localized,0.107276471,3.64218163,1.46931823,run_005,5.35152386
1,4.73715043,4.73715043,run_005,1,0,605174488359193,67.028407,605174555387600,5.46271312,5,recording,605174545935390,9.45221,0.396825397,0.0134310134,172,True,-3.67647059,-3.67647059,contact localized,0.107276471,3.57389073,1.46931823,run_005,5.25118279
1,4.77004647,4.77004647,run_005,1,0,605174488359193,99.924444,605174588283637,5.4912617,5,recording,605174585860501,2.423136,0.406593407,0.0134310134,172,True,-3.67647059,-3.67647059,contact localized,0.107276471,3.66494527,1.46931823,run_005,5.38497089
1,4.80339055,4.80339055,run_005,1,0,605174721758730,100.13101,605174621627720,5.49188848,5,recording,605174615881063,5.746657,0.401709402,0.0134310134,172,True,-3.67647059,-3.67647059,contact localized,0.107276471,3.619418,1.46931823,run_005,5.31807684
1,4.83672396,4.83672396,run_005,1,0,605174721758730,66.797602,605174654961128,5.63625903,5,waiting_for_target,605174645909843,9.051285,0.401709402,0.0134310134,172,True,-3.67647059,-3.67647059,contact localized,0.107276471,3.619418,1.46931823,run_005,5.31807684
1,4.87007992,4.87007992,run_005,1,0,605174721758730,33.441642,605174688317088,5.66107286,10,waiting_for_target,605174685837395,2.479693,0.404151404,0.0134310134,172,True,-3.67647059,-3.67647059,contact localized,0.107276471,3.64218163,1.46931823,run_005,5.35152386
1,4.90352156,4.90352156,run_005,1,0,605174721758730,0,605174721758730,5.6390296,10,waiting_for_target,605174715871735,5.886995,0.404151404,0.0134310134,172,True,-3.67647059,-3.67647059,contact localized,0.107276471,3.64218163,1.46931823,run_005,5.35152386
1,4.93689069,4.93689069,run_005,1,0,605174721758730,33.369134,605174755127864,5.63229265,10,waiting_for_target,605174745950299,9.177565,0.404151404,0.0134310134,172,True,-3.67647059,-3.67647059,contact localized,0.107276471,3.64218163,1.46931823,run_005,5.35152386
1,4.97034727,4.97034727,run_005,1,0,605174721758730,66.825713,605174788584443,6.05209604,10,waiting_for_target,605174785875493,2.70895,0.401709402,0.0134310134,172,True,-3.67647059,-3.67647059,contact localized,0.107276471,3.619418,1.46931823,run_005,5.31807684
1,5.00353153,5.00353153,run_005,1,0,605174721758730,100.009969,605174821768699,6.47740282,10,waiting_for_target,605174815849911,5.918788,0.409035409,0.0134310134,172,True,-3.67647059,-3.67647059,contact localized,0.107276471,3.6877089,1.46931823,run_005,5.41841791
1,5.03692609,5.03692609,run_005,1,0,605174921967523,66.804259,605174855163264,6.25650382,10,waiting_for_target,605174845996618,9.166646,0.416361416,0.0134310134,172,True,-3.67647059,-3.67647059,contact localized,0.107276471,3.75599981,1.46931823,run_005,5.51875898
1,5.07020295,5.07020295,run_005,1,0,605174921967523,33.527403,605174888440120,6.63778492,10,waiting_for_target,605174885856268,2.583852,0.411477411,0.0134310134,172,True,-3.67647059,-3.67647059,contact localized,0.107276471,3.71047254,1.46931823,run_005,5.45186493
1,5.10373035,5.10373035,run_005,1,0,605174921967523,0,605174921967523,7.39237695,10,waiting_for_target,605174915858511,6.109012,0.46031746,0.0134310134,172,True,-3.67647059,-3.67647059,contact localized,0.107276471,4.16574524,1.46931823,run_005,6.12080542
1,5.13696884,5.13696884,run_005,1,0,605174921967523,33.23849,605174955206013,7.96282378,10,waiting_for_target,605174945902755,9.303258,0.540903541,0.0134310134,172,True,-3.67647059,-3.67647059,contact localized,0.107276471,4.9169452,1.46931823,run_005,7.22455721
1,5.17029555,5.17029555,run_005,1,0,605174921967523,66.565196,605174988532719,9.12368333,10,settling,605174985847667,2.685052,0.631257631,0.0134310134,172,True,-3.67647059,-3.67647059,contact localized,0.107276471,5.75919971,1.46931823,run_005,8.46209711
1,5.20390368,5.20390368,run_005,1,0,605175121994704,99.853853,605175022140851,9.57553247,10,settling,605175015854619,6.286232,0.648351648,0.0134310134,172,True,-3.67647059,-3.67647059,contact localized,0.107276471,5.91854515,1.46931823,run_005,8.69622628
1,5.23706265,5.23706265,run_005,1,0,605175121994704,66.69488,605175055299824,9.89376181,10,settling,605175046380585,8.919239,0.658119658,0.0134310134,172,True,-3.67647059,-3.67647059,contact localized,0.107276471,6.00959969,1.46931823,run_005,8.83001437
1,5.27051102,5.27051102,run_005,1,0,605175121994704,33.246511,605175088748193,10.000756,10,settling,605175085862091,2.886102,0.67032967,0.0134310134,172,True,-3.67647059,-3.67647059,contact localized,0.107276471,6.12341787,1.46931823,run_005,8.99724949
1,5.30375753,5.30375753,run_005,1,0,605175121994704,0,605175121994704,10.1039222,10,settling,605175115870776,6.123928,0.675213675,0.0134310134,172,True,-3.67647059,-3.67647059,contact localized,0.107276471,6.16894514,1.46931823,run_005,9.06414354
1,5.33716429,5.33716429,run_005,1,0,605175121994704,33.406753,605175155401457,10.6758722,10,settling,605175145911187,9.49027,0.675213675,0.0134310134,172,True,-3.67647059,-3.71011699,contact localized,0.107310117,6.16701091,1.46931823,run_005,9.06130154
1,5.37038982,5.37038982,run_005,1,0,605175121994704,66.632283,605175188626987,10.5962018,10,settling,605175185854510,2.772477,0.724053724,0.0134310134,172,True,-3.67647059,-3.74358086,contact localized,0.107343581,6.62007644,1.46931823,run_005,9.72699898
1,5.40378489,5.40378489,run_005,1,0,605175121994704,100.027353,605175222022057,10.5830332,10,settling,605175215848779,6.173278,0.724053724,0.0134310134,172,True,-3.67647059,-3.7772155,contact localized,0.107377215,6.61800278,1.46931823,run_005,9.72395212
1,5.43744076,5.43744076,run_005,1,0,605175355612940,99.935008,605175255677932,10.9460449,10,recording,605175245906644,9.771288,0.726495726,0.0134310134,172,True,-3.91176471,-3.81111281,contact localized,0.107411113,6.63864934,1.46931823,run_005,9.75428848
1,5.50374174,5.50374174,run_005,1,0,605175355612940,33.634031,605175321978909,10.5767059,10,recording,605175315863085,6.115824,0.763125763,0.0134310134,172,True,-3.91176471,-3.8778894,contact localized,0.107477889,6.97533934,1.46931823,run_005,10.2489932
1,5.53737577,5.53737577,run_005,1,0,605175355612940,0,605175355612940,10.4709487,10,recording,605175345887629,9.725311,0.768009768,0.0134310134,172,True,-3.91176471,-3.91176471,contact localized,0.107511765,7.01856915,1.46931823,run_005,10.3125116
1,5.57067368,5.57067368,run_005,1,0,605175355612940,33.297908,605175388910848,10.5101017,10,recording,605175385863465,3.047383,0.765567766,0.0134310134,172,True,-3.91176471,-3.91176471,contact localized,0.107511765,6.99585533,1.46931823,run_005,10.2791378
1,5.604154,5.604154,run_005,1,0,605175355612940,66.778229,605175422391169,10.4078602,10,recording,605175415875300,6.515869,0.77045177,0.0134310134,172,True,-3.91176471,-3.91176471,contact localized,0.107511765,7.04128296,1.46931823,run_005,10.3458854
1,5.63730911,5.63730911,run_005,1,0,605175355612940,99.933337,605175455546277,10.5799656,10,recording,605175445863768,9.682509,0.760683761,0.0134310134,172,True,-3.91176471,-3.91176471,contact localized,0.107511765,6.9504277,1.46931823,run_005,10.2123901
1,5.67119748,5.67119748,run_005,1,0,605175555646889,66.212241,605175489434648,10.3992117,10,recording,605175485853277,3.581371,0.77045177,0.0134310134,172,True,-3.91176471,-3.91176471,contact localized,0.107511765,7.04128296,1.46931823,run_005,10.3458854
1,5.70397157,5.70397157,run_005,1,0,605175555646889,33.438152,605175522208737,10.5087318,10,waiting_for_target,605175515859597,6.34914,0.787545788,0.0134310134,172,True,-3.91176471,-3.91176471,contact localized,0.107511765,7.20027967,1.46931823,run_005,10.5795022
1,5.73740972,5.73740972,run_005,1,0,605175555646889,0,605175555646889,10.2545616,15,waiting_for_target,605175545849496,9.797393,0.772893773,0.0134310134,172,True,-3.91176471,-3.91176471,contact localized,0.107511765,7.06399678,1.46931823,run_005,10.3792592
1,5.77080933,5.77080933,run_005,1,0,605175555646889,33.399606,605175589046495,10.107635,15,waiting_for_target,605175585896016,3.150479,0.777777778,0.0134310134,172,True,-3.91176471,-3.91176471,contact localized,0.107511765,7.10942441,1.46931823,run_005,10.4460069
1,5.80413159,5.80413159,run_005,1,0,605175555646889,66.72187,605175622368759,10.2047074,15,waiting_for_target,605175615856090,6.512669,0.772893773,0.0134310134,172,True,-3.91176471,-3.91176471,contact localized,0.107511765,7.06399678,1.46931823,run_005,10.3792592
1,5.83751627,5.83751627,run_005,1,0,605175555646889,100.106548,605175655753437,10.0774073,15,waiting_for_target,605175645863436,9.890001,0.763125763,0.0134310134,172,True,-3.91176471,-3.91176471,contact localized,0.107511765,6.97314151,1.46931823,run_005,10.2457639
1,5.87094435,5.87094435,run_005,1,0,605175755863543,66.682024,605175689181519,10.1255495,15,waiting_for_target,605175685860153,3.321366,0.777777778,0.0134310134,172,True,-3.91176471,-3.91176471,contact localized,0.107511765,7.10942441,1.46931823,run_005,10.4460069
1,5.90423964,5.90423964,run_005,1,0,605175755863543,33.386728,605175722476815,9.91828281,15,waiting_for_target,605175715864816,6.611999,0.777777778,0.0134310134,172,True,-3.91176471,-3.91176471,contact localized,0.107511765,7.10942441,1.46931823,run_005,10.4460069
1,5.93762637,5.93762637,run_005,1,0,605175755863543,0,605175755863543,9.95385244,15,waiting_for_target,605175755831070,0.032473,0.77045177,0.0134310134,172,True,-3.91176471,-3.91176471,contact localized,0.107511765,7.04128296,1.46931823,run_005,10.3458854
1,5.97108569,5.97108569,run_005,1,0,605175755863543,33.459316,605175789322859,10.1245127,15,waiting_for_target,605175785838398,3.484461,0.775335775,0.0134310134,172,True,-3.91176471,-3.91176471,contact localized,0.107511765,7.08671059,1.46931823,run_005,10.4126331
1,6.00448995,6.00448995,run_005,1,0,605175755863543,66.863578,605175822727121,10.830346,15,waiting_for_target,605175816234957,6.492164,0.772893773,0.0134310134,172,True,-3.91176471,-3.91176471,contact localized,0.107511765,7.06399678,1.46931823,run_005,10.3792592
1,6.03804992,6.03804992,run_005,1,0,605175955961693,99.674604,605175856287089,11.3698615,15,waiting_for_target,605175855860220,0.426869,0.782661783,0.0134310134,172,True,-3.91176471,-3.91176471,contact localized,0.107511765,7.15485204,1.46931823,run_005,10.5127545
1,6.07099912,6.07099912,run_005,1,0,605175955961693,66.725404,605175889236289,12.1658087,15,waiting_for_target,605175885861959,3.37433,0.824175824,0.0134310134,172,True,-3.91176471,-3.91176471,contact localized,0.107511765,7.54098691,1.46931823,run_005,11.0801095
1,6.13772452,6.13772452,run_005,1,0,605175955961693,0,605175955961693,13.3535005,15,waiting_for_target,605175955857842,0.103851,0.931623932,0.0134310134,172,True,-3.91176471,-3.91176471,contact localized,0.107511765,8.54039482,1.46931823,run_005,12.5485578
1,6.17114796,6.17114796,run_005,1,0,605175955961693,33.423437,605175989385130,13.7259307,15,settling,605175985839431,3.545699,0.956043956,0.0134310134,172,True,-3.91176471,-3.91176471,contact localized,0.107511765,8.76753298,1.46931823,run_005,12.882296
1,6.20465958,6.20465958,run_005,1,0,605175955961693,66.935058,605176022896751,14.1056983,15,settling,605176015857628,7.039123,0.965811966,0.0134310134,172,True,-3.91176471,-3.91176471,contact localized,0.107511765,8.85838824,1.46931823,run_005,13.0157913
1,6.23791398,6.23791398,run_005,1,0,605176156068403,99.917249,605176056151154,14.2423249,15,settling,605176055841826,0.309328,0.982905983,0.0134310134,172,True,-3.91176471,-3.91176471,contact localized,0.107511765,9.01738495,1.46931823,run_005,13.2494081
1,6.27121245,6.27121245,run_005,1,0,605176156068403,66.618778,605176089449625,14.5406977,15,settling,605176085946952,3.502673,0.98046398,0.0134310134,172,True,-3.91176471,-3.91176471,contact localized,0.107511765,8.99467114,1.46931823,run_005,13.2160343
1,6.30445896,6.30445896,run_005,1,0,605176156068403,33.372272,605176122696131,14.6843777,15,settling,605176115878598,6.817533,0.982905983,0.0134310134,172,True,-3.91176471,-3.91176471,contact localized,0.107511765,9.01738495,1.46931823,run_005,13.2494081
1,6.33783123,6.33783123,run_005,1,0,605176156068403,0,605176156068403,15.1604527,15,settling,605176155869149,0.199254,1.01709402,0.0134310134,172,True,-3.91176471,-3.91176471,contact localized,0.107511765,9.33537838,1.46931823,run_005,13.7166416
1,6.37150334,6.37150334,run_005,1,0,605176156068403,33.672105,605176189740508,15.1925621,15,settling,605176185858558,3.88195,1.00976801,0.0134310134,172,True,-3.91176471,-3.91176471,contact localized,0.107511765,9.26723693,1.46931823,run_005,13.6165201
1,6.40461985,6.40461985,run_005,1,0,605176156068403,66.788613,605176222857016,15.3499273,15,settling,605176215862610,6.994406,1.01953602,0.0134310134,172,True,-3.91176471,-3.91176471,contact localized,0.107511765,9.35809219,1.46931823,run_005,13.7500154
1,6.43773732,6.43773732,run_005,1,0,605176156068403,99.906086,605176255974489,15.4349876,15,recording,605176255820501,0.153988,1.02686203,0.0134310134,172,True,-3.91176471,-3.91176471,contact localized,0.107511765,9.42623364,1.46931823,run_005,13.8501369
1,6.4712691,6.4712691,run_005,1,0,605176356475294,66.969027,605176289506267,15.0548212,15,recording,605176285864863,3.641404,1.02197802,0.0134310134,172,True,-3.91176471,-3.91176471,contact localized,0.107511765,9.38080601,1.46931823,run_005,13.7833893
1,6.50461348,6.50461348,run_005,1,0,605176356475294,33.624647,605176322850647,14.8534564,15,recording,605176315859632,6.991015,1.02442002,0.0134310134,172,True,-3.91176471,-3.91176471,contact localized,0.107511765,9.40351983,1.46931823,run_005,13.8167631
1,6.53823812,6.53823812,run_005,1,0,605176356475294,0,605176356475294,14.761416,15,recording,605176355853366,0.621928,1.02686203,0.0134310134,172,True,-3.91176471,-3.91176471,contact localized,0.107511765,9.42623364,1.46931823,run_005,13.8501369
1,6.57145854,6.57145854,run_005,1,0,605176356475294,33.220418,605176389695712,14.3541351,15,recording,605176385857265,3.838447,1.03174603,0.0134310134,172,True,-3.91176471,-3.94523715,contact localized,0.107545237,9.46871331,1.46931823,run_005,13.9125531
1,6.60465099,6.60465099,run_005,1,0,605176356475294,66.412866,605176422888160,14.2659149,15,recording,605176415838839,7.049321,1.02930403,0.0134310134,172,True,-3.91176471,-3.97868141,contact localized,0.107578681,9.44306997,1.46931823,run_005,13.8748748
1,6.63804955,6.63804955,run_005,1,0,605176356475294,99.811425,605176456286719,14.5023843,15,recording,605176455857478,0.429241,1.03174603,0.0134310134,172,True,-3.91176471,-4.01233335,contact localized,0.107612333,9.46280957,1.46931823,run_005,13.9038786
1,6.67154722,6.67154722,run_005,1,0,605176589997797,100.213403,605176489784394,14.3249072,15,recording,605176485854678,3.929716,1.04395604,0.0134310134,172,True,-4.14705882,-4.04608515,contact localized,0.107646085,9.57326993,1.46931823,run_005,14.06618
1,6.70463896,6.70463896,run_005,1,0,605176589997797,67.121665,605176522876132,14.3369868,15,waiting_for_target,605176515829185,7.046947,1.02197802,0.0134310134,172,True,-4.14705882,-4.07942794,contact localized,0.107679428,9.36619954,1.46931823,run_005,13.7619277
1,6.73822299,6.73822299,run_005,1,0,605176589997797,33.537639,605176556460158,14.4148787,20,waiting_for_target,605176555843798,0.61636,1.02930403,0.0134310134,172,True,-4.14705882,-4.11326675,contact localized,0.107713267,9.43127106,1.46931823,run_005,13.8575385
1,6.77176063,6.77176063,run_005,1,0,605176589997797,0,605176589997797,14.3403135,20,waiting_for_target,605176585835721,4.162076,1.02930403,0.0134310134,172,True,-4.14705882,-4.14705882,contact localized,0.107747059,9.42831319,1.46931823,run_005,13.8531924
1,6.80495664,6.80495664,run_005,1,0,605176589997797,33.196017,605176623193814,14.4784995,20,waiting_for_target,605176615870282,7.323532,1.04395604,0.0134310134,172,True,-4.14705882,-4.14705882,contact localized,0.107747059,9.56429848,1.46931823,run_005,14.0529981
1,6.83836955,6.83836955,run_005,1,0,605176589997797,66.608925,605176656606722,14.6465477,20,waiting_for_target,605176655852634,0.754088,1.03418803,0.0134310134,172,True,-4.14705882,-4.14705882,contact localized,0.107747059,9.47364162,1.46931823,run_005,13.9197943
1,6.87167417,6.87167417,run_005,1,0,605176589997797,99.913546,605176689911343,14.7917885,20,waiting_for_target,605176685879518,4.031825,1.03663004,0.0134310134,172,True,-4.14705882,-4.14705882,contact localized,0.107747059,9.49630583,1.46931823,run_005,13.9530953
1,6.9049435,6.9049435,run_005,1,0,605176823274738,100.094073,605176723180665,14.9523472,20,waiting_for_target,605176715857031,7.323634,1.03174603,0.0134310134,172,True,-4.14705882,-4.14705882,contact localized,0.107747059,9.4509774,1.46931823,run_005,13.8864934
1,6.93817423,6.93817423,run_005,1,0,605176823274738,66.863335,605176756411403,15.1785663,20,waiting_for_target,605176755830997,0.580406,1.03663004,0.0134310134,172,True,-4.14705882,-4.14705882,contact localized,0.107747059,9.49630583,1.46931823,run_005,13.9530953
1,6.97169947,6.97169947,run_005,1,0,605176823274738,33.338102,605176789936636,15.6099462,20,waiting_for_target,605176785913815,4.022821,1.02930403,0.0134310134,172,True,-4.14705882,-4.14705882,contact localized,0.107747059,9.42831319,1.46931823,run_005,13.8531924
1,7.00503757,7.00503757,run_005,1,0,605176823274738,0,605176823274738,15.8993349,20,waiting_for_target,605176815872729,7.402009,1.08302808,0.0134310134,172,True,-4.14705882,-4.14705882,contact localized,0.107747059,9.92692591,1.46931823,run_005,14.5858132
1,7.03832339,7.03832339,run_005,1,0,605176823274738,33.285824,605176856560562,16.9552709,20,waiting_for_target,605176856049285,0.511277,1.15384615,0.0134310134,172,True,-4.14705882,-4.14705882,contact localized,0.107747059,10.5841881,1.46931823,run_005,15.5515405
1,7.07185822,7.07185822,run_005,1,0,605176823274738,66.820652,605176890095390,17.6887795,20,waiting_for_target,605176885844368,4.251022,1.2002442,0.0134310134,172,True,-4.14705882,-4.14705882,contact localized,0.107747059,11.0148082,1.46931823,run_005,16.1842585
1,7.10498787,7.10498787,run_005,1,0,605176823274738,99.950299,605176923225037,17.9018404,20,waiting_for_target,605176915856748,7.368289,1.23931624,0.0134310134,172,True,-4.14705882,-4.14705882,contact localized,0.107747059,11.3774356,1.46931823,run_005,16.7170736
1,7.13871213,7.13871213,run_005,1,0,605177023387533,66.438229,605176956949304,17.9943323,20,waiting_for_target,605176955847918,1.101386,1.25885226,0.0134310134,172,True,-4.14705882,-4.14705882,contact localized,0.107747059,11.5587493,1.46931823,run_005,16.9834811
1,7.1718248,7.1718248,run_005,1,0,605177023387533,33.325559,605176990061974,18.1287565,20,settling,605176985853987,4.207987,1.26373626,0.0134310134,172,True,-4.14705882,-4.14705882,contact localized,0.107747059,11.6040778,1.46931823,run_005,17.050083
1,7.20515036,7.20515036,run_005,1,0,605177023387533,0,605177023387533,18.7500053,20,settling,605177015834671,7.552862,1.27838828,0.0134310134,172,True,-4.14705882,-4.14705882,contact localized,0.107747059,11.7400631,1.46931823,run_005,17.2498887
1,7.23836785,7.23836785,run_005,1,0,605177023387533,33.217489,605177056605022,19.2682653,20,settling,605177055864653,0.740369,1.30769231,0.0134310134,172,True,-4.14705882,-4.14705882,contact localized,0.107747059,12.0120336,1.46931823,run_005,17.6495
1,7.27191639,7.27191639,run_005,1,0,605177023387533,66.766025,605177090153558,19.8420407,20,settling,605177085856677,4.296881,1.31013431,0.0134310134,172,True,-4.14705882,-4.14705882,contact localized,0.107747059,12.0346978,1.46931823,run_005,17.6828009
1,7.30564537,7.30564537,run_005,1,0,605177223443540,99.560999,605177123882541,20.462812,20,settling,605177116174154,7.708387,1.32234432,0.0134310134,172,True,-4.14705882,-4.14705882,contact localized,0.107747059,12.1480189,1.46931823,run_005,17.8493056
1,7.33838539,7.33838539,run_005,1,0,605177223443540,66.82098,605177156622560,20.7242539,20,settling,605177155832381,0.790179,1.34676435,0.0134310134,172,True,-4.14705882,-4.14705882,contact localized,0.107747059,12.3746611,1.46931823,run_005,18.1823151
1,7.37175414,7.37175414,run_005,1,0,605177223443540,33.452233,605177189991307,20.6167315,20,settling,605177185864143,4.127164,1.37118437,0.0134310134,172,True,-4.14705882,-4.14705882,contact localized,0.107747059,12.6013032,1.46931823,run_005,18.5153245
1,7.40520637,7.40520637,run_005,1,0,605177223443540,0,605177223443540,20.8385366,20,settling,605177215865360,7.57818,1.41514042,0.0134310134,172,True,-4.14705882,-4.14705882,contact localized,0.107747059,13.0092591,1.46931823,run_005,19.1147415
1,7.43867861,7.43867861,run_005,1,0,605177223443540,33.472245,605177256915785,21.9859351,20,recording,605177255855962,1.059823,1.48840049,0.0134310134,172,True,-4.14705882,-4.14705882,contact localized,0.107747059,13.6891855,1.46931823,run_005,20.1137698
1,7.47215315,7.47215315,run_005,1,0,605177223443540,66.946777,605177290390317,22.0402188,20,waiting_for_target,605177285850090,4.540227,1.50793651,0.0134310134,172,True,-4.14705882,-4.14705882,contact localized,0.107747059,13.8704992,1.46931823,run_005,20.3801773
1,7.50526476,7.50526476,run_005,1,0,605177423548386,100.046457,605177323501929,21.3698056,20,settling,605177315846473,7.655456,1.50793651,0.0134310134,172,True,-4.14705882,-4.14705882,invalid: response is spatially diffuse,0.107747059,13.8704992,1.46931823,run_005,20.3801773
1,7.53862017,7.53862017,run_005,1,0,605177423548386,66.691046,605177356857340,20.5848526,20,settling,605177355837178,1.020162,1.50793651,0.0134310134,172,True,-4.14705882,-4.14705882,invalid: response is spatially diffuse,0.107747059,13.8704992,1.46931823,run_005,20.3801773
1,7.57218338,7.57218338,run_005,1,0,605177423548386,33.12784,605177390420546,20.7741873,20,settling,605177385855048,4.565498,1.50793651,0.0134310134,172,True,-4.14705882,-4.14705882,invalid: response is spatially diffuse,0.107747059,13.8704992,1.46931823,run_005,20.3801773
1,7.60531122,7.60531122,run_005,1,0,605177423548386,0,605177423548386,20.5943434,20,settling,605177415858144,7.690242,1.5030525,0.0134310134,172,True,-4.14705882,-4.14705882,invalid: response is spatially diffuse,0.107747059,13.8251708,1.46931823,run_005,20.3135754
1,7.63868401,7.63868401,run_005,1,0,605177423548386,33.372794,605177456921180,20.4011059,20,settling,605177455814295,1.106885,1.50549451,0.0134310134,172,True,-4.14705882,-4.14705882,invalid: response is spatially diffuse,0.107747059,13.847835,1.46931823,run_005,20.3468764
1,7.67221719,7.67221719,run_005,1,0,605177423548386,66.905978,605177490454364,20.5356748,20,settling,605177485861884,4.59248,1.50549451,0.0134310134,172,True,-4.14705882,-4.14705882,invalid: response is spatially diffuse,0.107747059,13.847835,1.46931823,run_005,20.3468764
1,7.70541418,7.70541418,run_005,1,0,605177623694978,100.043626,605177523651352,20.3607384,20,settling,605177515958931,7.692421,1.50793651,0.0134310134,172,True,-4.14705882,-4.14705882,invalid: response is spatially diffuse,0.107747059,13.8704992,1.46931823,run_005,20.3801773
1,7.73893148,7.73893148,run_005,1,0,605177623694978,66.52633,605177557168648,20.2675711,20,settling,605177555872449,1.296199,1.5030525,0.0134310134,172,True,-4.14705882,-4.14705882,invalid: response is spatially diffuse,0.107747059,13.8251708,1.46931823,run_005,20.3135754
1,7.77226755,7.77226755,run_005,1,0,605177623694978,33.190257,605177590504721,20.3062412,20,recording,605177585862804,4.641917,1.50549451,0.0134310134,172,True,-4.14705882,-4.14705882,invalid: response is spatially diffuse,0.107747059,13.847835,1.46931823,run_005,20.3468764
1,7.80545781,7.80545781,run_005,1,0,605177623694978,0,605177623694978,20.1287402,20,recording,605177615940461,7.754517,1.5030525,0.0134310134,172,True,-4.14705882,-4.14705882,invalid: response is spatially diffuse,0.107747059,13.8251708,1.46931823,run_005,20.3135754
1,7.83899331,7.83899331,run_005,1,0,605177623694978,33.5355,605177657230478,20.4312092,20,recording,605177655862550,1.367928,1.50549451,0.0134310134,172,True,-4.14705882,-4.14705882,invalid: response is spatially diffuse,0.107747059,13.847835,1.46931823,run_005,20.3468764
1,7.87222169,7.87222169,run_005,1,0,605177623694978,66.763882,605177690458860,20.4563377,20,recording,605177685874397,4.584463,1.50549451,0.0134310134,172,True,-4.14705882,-4.14705882,invalid: response is spatially diffuse,0.107747059,13.847835,1.46931823,run_005,20.3468764
1,7.90555123,7.90555123,run_005,1,0,605177623694978,100.093423,605177723788401,20.4845802,20,recording,605177715863487,7.924914,1.50549451,0.0134310134,172,True,-4.14705882,-4.14705882,invalid: response is spatially diffuse,0.107747059,13.847835,1.46931823,run_005,20.3468764
1,7.93882097,7.93882097,run_005,1,0,605177824088929,67.030793,605177757058136,20.2880348,20,recording,605177755857768,1.200368,1.50549451,0.0134310134,172,True,-4.14705882,-4.14705882,invalid: response is spatially diffuse,0.107747059,13.847835,1.46931823,run_005,20.3468764
1,7.97239005,7.97239005,run_005,1,0,605177824088929,33.461713,605177790627216,20.2247601,20,recording,605177785859767,4.767449,1.50549451,0.0134310134,172,True,-4.14705882,-4.14705882,invalid: response is spatially diffuse,0.107747059,13.847835,1.46931823,run_005,20.3468764
1,8.00585176,8.00585176,run_005,1,0,605177824088929,0,605177824088929,20.332739,20,recording,605177815898714,8.190215,1.50793651,0.0134310134,172,True,-4.14705882,-4.14705882,invalid: response is spatially diffuse,0.107747059,13.8704992,1.46931823,run_005,20.3801773
1,8.03909996,8.03909996,run_005,1,0,605177824088929,33.248202,605177857337131,20.3007794,20,release,605177855859215,1.477916,1.50793651,0.0134310134,172,True,-4.14705882,-4.14705882,invalid: response is spatially diffuse,0.107747059,13.8704992,1.46931823,run_005,20.3801773
1,8.07342054,8.07342054,run_005,1,0,605177824088929,67.568783,605177891657712,20.2364322,,release,605177885857132,5.80058,1.50793651,0.0134310134,172,True,-4.14705882,-4.14705882,invalid: response is spatially diffuse,0.107747059,13.8704992,1.46931823,run_005,20.3801773
1,8.13899366,8.13899366,run_005,1,0,605178024204013,66.973182,605177957230831,20.3498833,,release,605177955841043,1.389788,1.50549451,0.0134310134,172,True,-4.14705882,-4.14705882,invalid: response is spatially diffuse,0.107747059,13.847835,1.46931823,run_005,20.3468764
1,8.17271299,8.17271299,run_005,1,0,605178024204013,33.253855,605177990950158,20.1523096,,release,605177986233243,4.716915,1.50793651,0.0134310134,172,True,-4.14705882,-4.14705882,invalid: response is spatially diffuse,0.107747059,13.8704992,1.46931823,run_005,20.3801773
1,8.20596684,8.20596684,run_005,1,0,605178024204013,0,605178024204013,20.5116282,,release,605178015900500,8.303513,1.50549451,0.0134310134,172,True,-4.14705882,-4.14705882,invalid: response is spatially diffuse,0.107747059,13.847835,1.46931823,run_005,20.3468764
1,8.23966366,8.23966366,run_005,1,0,605178024204013,33.696815,605178057900828,20.820182,,release,605178055859586,2.041242,1.50793651,0.0134310134,172,True,-4.14705882,-4.14705882,invalid: response is spatially diffuse,0.107747059,13.8704992,1.46931823,run_005,20.3801773
1,8.2726097,8.2726097,run_005,1,0,605178024204013,66.642858,605178090846871,20.1253441,,release,605178085877816,4.969055,1.51037851,0.0134310134,172,True,-4.14705882,-4.14705882,invalid: response is spatially diffuse,0.107747059,13.8931634,1.46931823,run_005,20.4134783
1,8.30581957,8.30581957,run_005,1,0,605178024204013,99.852731,605178124056744,18.9636921,,release,605178115874500,8.182244,1.4981685,0.0134310134,172,True,-4.14705882,-4.14705882,invalid: response is spatially diffuse,0.107747059,13.7798424,1.46931823,run_005,20.2469736
1,8.33921003,8.33921003,run_005,1,0,605178257433332,99.986132,605178157447200,17.4847885,,release,605178155912162,1.535038,1.50793651,0.0134310134,172,True,-4.14705882,-4.14705882,invalid: response is spatially diffuse,0.107747059,13.8704992,1.46931823,run_005,20.3801773
1,8.37271841,8.37271841,run_005,1,0,605178257433332,66.47775,605178190955582,15.4281711,,release,605178185869524,5.086058,1.5030525,0.0134310134,172,True,-4.14705882,-4.14705882,invalid: response is spatially diffuse,0.107747059,13.8251708,1.46931823,run_005,20.3135754
1,8.40587677,8.40587677,run_005,1,0,605178257433332,33.319394,605178224113938,14.1896246,,release,605178215867582,8.246356,1.45665446,0.0134310134,172,True,-4.14705882,-4.14705882,invalid: response is spatially diffuse,0.107747059,13.3945507,1.46931823,run_005,19.6808575
1,8.43919616,8.43919616,run_005,1,0,605178257433332,0,605178257433332,13.2027027,,release,605178255847584,1.585748,1.37851038,0.0134310134,172,True,-4.14705882,-4.14705882,invalid: response is spatially diffuse,0.107747059,12.6692958,1.46931823,run_005,18.6152273
1,8.47268446,8.47268446,run_005,1,0,605178257433332,33.488297,605178290921629,10.902059,,release,605178285855797,5.065832,1.27350427,0.0134310134,172,True,-4.14705882,-4.10768695,invalid: response is spatially diffuse,0.107707687,11.6990096,1.46931823,run_005,17.189568
1,8.50592992,8.50592992,run_005,1,0,605178257433332,66.733761,605178324167093,9.34339138,,release,605178315856259,8.310834,1.14896215,0.0134310134,172,True,-4.14705882,-4.06860057,invalid: response is spatially diffuse,0.107668601,10.5465394,1.46931823,run_005,15.4962225
1,8.53938376,8.53938376,run_005,1,0,605178457566030,99.945097,605178357620933,8.28852443,,release,605178355861069,1.759864,1.0952381,0.0134310134,172,True,-3.91176471,-4.02926921,invalid: response is spatially diffuse,0.107629269,10.051235,1.46931823,run_005,14.7684629
1,8.57270339,8.57270339,run_005,1,0,605178457566030,66.625473,605178390940557,6.61414833,,release,605178385864167,5.07639,0.968253968,0.0134310134,172,True,-3.91176471,-3.99009564,invalid: response is spatially diffuse,0.107590096,8.87463617,1.46931823,run_005,13.0396647
1,8.60600798,8.60600798,run_005,1,0,605178457566030,33.320878,605178424245152,5.20958964,,release,605178415872647,8.372505,0.819291819,0.0134310134,172,True,-3.91176471,-3.95093975,invalid: response is spatially diffuse,0.10755094,7.49282905,1.46931823,run_005,11.0093503
1,8.63932886,8.63932886,run_005,1,0,605178457566030,0,605178457566030,4.4391661,,release,605178455848729,1.717301,0.682539683,0.0134310134,172,True,-3.91176471,-3.91176471,invalid: response is spatially diffuse,0.107511765,6.22358559,1.46931823,run_005,9.14442774
1,8.67282617,8.67282617,run_005,1,0,605178457566030,33.497311,605178491063341,3.65326861,,release,605178485856766,5.206575,0.648351648,0.0134310134,172,True,-3.91176471,-3.91176471,invalid: response is spatially diffuse,0.107511765,5.90559216,1.46931823,run_005,8.67719421
1,8.70627952,8.70627952,run_005,1,0,605178457566030,66.950658,605178524516688,2.88422534,,release,605178515891758,8.62493,0.58974359,0.0134310134,172,True,-3.91176471,-3.91176471,invalid: response is spatially diffuse,0.107511765,5.36046058,1.46931823,run_005,7.87622244
1,8.73951569,8.73951569,run_005,1,0,605178457566030,100.186831,605178557752861,2.49083484,,release,605178555859989,1.892872,0.533577534,0.0134310134,172,True,-3.91176471,-3.91176471,invalid: response is spatially diffuse,0.107511765,4.83804281,1.46931823,run_005,7.10862449
1,8.77321704,8.77321704,run_005,1,0,605178457566030,133.88818,605178591454210,1.89106948,,release,605178585833632,5.620578,0.474969475,0.0134310134,172,True,-3.91176471,-3.91176471,invalid: response is spatially diffuse,0.107511765,4.29291123,1.46931823,run_005,6.30765271
1,8.8065856,0,run_006,2,10,605188131299493,0,605188131299493,0.773811401,2,waiting_for_target,605188125868491,5.431002,0.0207570208,0.0207570208,177,False,,15.1470588,no contact: insufficient optical evidence,0.0884529412,0,1.46931823,run_005,0
1,8.8733024,0.0667168,run_006,2,10,605188131299493,66.7168,605188198016293,0.651966264,2,waiting_for_target,605188195853830,2.162463,0.0158730159,0.0207570208,177,False,,15.1470588,no contact: insufficient optical evidence,0.0884529412,-0.0552158562,1.46931823,run_005,0
1,8.90664767,0.100062071,run_006,2,10,605188331407609,100.046045,605188231361564,0.739041285,2,waiting_for_target,605188225872662,5.488902,0.0158730159,0.0207570208,177,False,,15.1470588,no contact: insufficient optical evidence,0.0884529412,-0.0552158562,1.46931823,run_005,0
1,8.94000123,0.133415636,run_006,2,10,605188331407609,66.69248,605188264715129,0.782937845,2,waiting_for_target,605188255866396,8.848733,0.0134310134,0.0207570208,177,False,,15.1470588,no contact: insufficient optical evidence,0.0884529412,-0.0828237844,1.46931823,run_005,0
1,8.97340016,0.166814559,run_006,2,10,605188331407609,33.293557,605188298114052,0.685416696,2,waiting_for_target,605188296533060,1.580992,0.0231990232,0.0207570208,177,False,,15.1470588,no contact: insufficient optical evidence,0.0884529412,0.0276079281,1.46931823,run_005,0.040564832
1,9.00669371,0.200108116,run_006,2,10,605188331407609,0,605188331407609,0.774917239,2,waiting_for_target,605188325865403,5.542206,0.0207570208,0.0207570208,177,False,,15.1470588,no contact: insufficient optical evidence,0.0884529412,0,1.46931823,run_005,0
1,9.04002748,0.233441884,run_006,2,10,605188331407609,33.333768,605188364741377,0.787360282,2,waiting_for_target,605188356320645,8.420732,0.0158730159,0.0207570208,177,False,,15.1470588,no contact: insufficient optical evidence,0.0884529412,-0.0552158562,1.46931823,run_005,0
1,9.07349255,0.266906949,run_006,2,10,605188331407609,66.798833,605188398206442,0.654388223,2,waiting_for_target,605188396549311,1.657131,0.0183150183,0.0207570208,177,False,,15.1470588,no contact: insufficient optical evidence,0.0884529412,-0.0276079281,1.46931823,run_005,0
1,9.10678776,0.300202162,run_006,2,10,605188531520961,100.019306,605188431501655,0.756818689,2,waiting_for_target,605188425831375,5.67028,0.0158730159,0.0207570208,177,False,,15.1470588,no contact: insufficient optical evidence,0.0884529412,-0.0552158562,1.46931823,run_005,0
1,9.1403306,0.333745002,run_006,2,10,605188531520961,66.476466,605188465044495,0.601976057,2,waiting_for_target,605188455873108,9.171387,0.0134310134,0.0207570208,177,False,,15.1470588,no contact: insufficient optical evidence,0.0884529412,-0.0828237844,1.46931823,run_005,0
1,9.17352507,0.366939468,run_006,2,10,605188531520961,33.282,605188498238961,0.863216241,2,waiting_for_target,605188496908540,1.330421,0.0207570208,0.0207570208,177,False,,15.1470588,no contact: insufficient optical evidence,0.0884529412,0,1.46931823,run_005,0
1,9.20680707,0.400221468,run_006,2,10,605188531520961,0,605188531520961,0.607845064,2,waiting_for_target,605188526090635,5.430326,0.0207570208,0.0207570208,177,False,,15.1470588,no contact: insufficient optical evidence,0.0884529412,0,1.46931823,run_005,0
1,9.24019379,0.433608194,run_006,2,10,605188531520961,33.386726,605188564907687,0.759687361,2,waiting_for_target,605188555867409,9.040278,0.0158730159,0.0207570208,177,False,,15.1470588,no contact: insufficient optical evidence,0.0884529412,-0.0552158562,1.46931823,run_005,0
1,9.27356678,0.466981182,run_006,2,10,605188531520961,66.759714,605188598280675,0.703240672,2,waiting_for_target,605188596969490,1.311185,0.0158730159,0.0207570208,177,False,,15.1470588,no contact: insufficient optical evidence,0.0884529412,-0.0552158562,1.46931823,run_005,0
1,9.30711981,0.500534213,run_006,2,10,605188731678968,99.845262,605188631833706,0.621799131,2,waiting_for_target,605188625855462,5.978244,0.0256410256,0.0207570208,177,False,,15.1470588,no contact: insufficient optical evidence,0.0884529412,0.0552158562,1.46931823,run_005,0.0811296641
1,9.34031282,0.533727226,run_006,2,10,605188731678968,66.652249,605188665026719,0.654767884,2,waiting_for_target,605188655862953,9.163766,0.0231990232,0.0207570208,177,False,,15.1470588,no contact: insufficient optical evidence,0.0884529412,0.0276079281,1.46931823,run_005,0.040564832
1,9.37363888,0.567053283,run_006,2,10,605188731678968,33.326192,605188698352776,0.833951521,2,waiting_for_target,605188697243309,1.109467,0.0256410256,0.0207570208,177,False,,15.1470588,no contact: insufficient optical evidence,0.0884529412,0.0552158562,1.46931823,run_005,0.0811296641
1,9.40696507,0.600379475,run_006,2,10,605188731678968,0,605188731678968,0.677134175,2,waiting_for_target,605188725859452,5.819516,0.0231990232,0.0207570208,177,False,,15.1470588,no contact: insufficient optical evidence,0.0884529412,0.0276079281,1.46931823,run_005,0.040564832
1,9.44035279,0.633767191,run_006,2,10,605188731678968,33.387716,605188765066684,0.717542781,2,waiting_for_target,605188755863160,9.203524,0.0231990232,0.0207570208,177,False,,15.1470588,no contact: insufficient optical evidence,0.0884529412,0.0276079281,1.46931823,run_005,0.040564832
1,9.47391665,0.667331052,run_006,2,10,605188731678968,66.951577,605188798630545,0.548184049,2,waiting_for_target,605188795838157,2.792388,0.0134310134,0.0207570208,177,False,,15.1470588,no contact: insufficient optical evidence,0.0884529412,-0.0828237844,1.46931823,run_005,0
1,9.50706048,0.700474883,run_006,2,10,605188931834863,100.060487,605188831774376,0.784367453,2,waiting_for_target,605188825839064,5.935312,0.0231990232,0.0207570208,177,False,,15.1470588,no contact: insufficient optical evidence,0.0884529412,0.0276079281,1.46931823,run_005,0.040564832
1,9.54040586,0.733820263,run_006,2,10,605188931834863,66.715107,605188865119756,0.750684411,2,waiting_for_target,605188855871782,9.247974,0.0207570208,0.0207570208,177,False,,15.1470588,no contact: insufficient optical evidence,0.0884529412,0,1.46931823,run_005,0
1,9.57383247,0.767246868,run_006,2,10,605188931834863,33.288502,605188898546361,0.795041644,2,waiting_for_target,605188896485345,2.061016,0.010989011,0.0207570208,177,False,,15.1470588,no contact: insufficient optical evidence,0.0884529412,-0.110431712,1.46931823,run_005,0
1,9.60712097,0.80053537,run_006,2,10,605188931834863,0,605188931834863,0.715946652,2,waiting_for_target,605188925856646,5.978217,0.0231990232,0.0207570208,177,False,,15.1470588,no contact: insufficient optical evidence,0.0884529412,0.0276079281,1.46931823,run_005,0.040564832
1,9.64049494,0.833909342,run_006,2,10,605188931834863,33.373972,605188965208835,0.596917126,2,waiting_for_target,605188955864477,9.344358,0.0231990232,0.0207570208,177,False,,15.1470588,no contact: insufficient optical evidence,0.0884529412,0.0276079281,1.46931823,run_005,0.040564832
1,9.67385778,0.867272179,run_006,2,10,605188931834863,66.736809,605188998571672,0.766235655,2,waiting_for_target,605188996875499,1.696173,0.0207570208,0.0207570208,177,False,,15.1470588,no contact: insufficient optical evidence,0.0884529412,0,1.46931823,run_005,0
1,9.70719398,0.900608381,run_006,2,10,605188931834863,100.073011,605189031907874,0.590768794,2,waiting_for_target,605189025851569,6.056305,0.0207570208,0.0207570208,177,False,,15.1470588,no contact: insufficient optical evidence,0.0884529412,0,1.46931823,run_005,0
1,9.7405701,0.933984501,run_006,2,10,605189131998830,66.714836,605189065283994,0.728872361,2,waiting_for_target,605189055876100,9.407894,0.0183150183,0.0207570208,177,False,,15.1470588,no contact: insufficient optical evidence,0.0884529412,-0.0276079281,1.46931823,run_005,0
1,9.80728494,1.00069934,run_006,2,10,605189131998830,0,605189131998830,0.78649788,2,waiting_for_target,605189125847259,6.151571,0.0231990232,0.0207570208,177,False,,15.1470588,no contact: insufficient optical evidence,0.0884529412,0.0276079281,1.46931823,run_005,0.040564832
1,9.8407617,1.0341761,run_006,2,10,605189131998830,33.47676,605189165475590,0.574242279,2,waiting_for_target,605189155877351,9.598239,0.0207570208,0.0207570208,177,False,,15.1470588,no contact: insufficient optical evidence,0.0884529412,0,1.46931823,run_005,0
1,9.87403166,1.06744606,run_006,2,10,605189131998830,66.746725,605189198745555,1.43627226,2,settling,605189197155695,1.58986,0.0256410256,0.0207570208,177,False,,15.1470588,no contact: insufficient optical evidence,0.0884529412,0.0552158562,1.46931823,run_005,0.0811296641
1,9.90752024,1.10093464,run_006,2,10,605189332332836,100.098703,605189232234133,0.710610155,2,waiting_for_target,605189225859775,6.374358,0.0183150183,0.0207570208,177,False,,15.1470588,no contact: insufficient optical evidence,0.0884529412,-0.0276079281,1.46931823,run_005,0
1,9.94165348,1.13506788,run_006,2,10,605189332332836,65.965462,605189266367374,0.79630078,2,waiting_for_target,605189265850530,0.516844,0.0280830281,0.0207570208,177,False,,15.1470588,no contact: insufficient optical evidence,0.0884529412,0.0828237844,1.46931823,run_005,0.121694496
1,9.97427564,1.16769004,run_006,2,10,605189332332836,33.343305,605189298989531,0.633255077,2,waiting_for_target,605189295846899,3.142632,0.0207570208,0.0207570208,177,False,,15.1470588,no contact: insufficient optical evidence,0.0884529412,0,1.46931823,run_005,0
1,10.0076189,1.20103334,run_006,2,10,605189332332836,0,605189332332836,0.630359664,2,waiting_for_target,605189325860106,6.47273,0.0183150183,0.0207570208,177,False,,15.1470588,no contact: insufficient optical evidence,0.0884529412,-0.0276079281,1.46931823,run_005,0
1,10.0409269,1.23434129,run_006,2,10,605189332332836,33.307952,605189365640788,0.569277695,2,waiting_for_target,605189355837473,9.803315,0.0158730159,0.0207570208,177,False,,15.1470588,no contact: insufficient optical evidence,0.0884529412,-0.0552158562,1.46931823,run_005,0
1,10.0742694,1.26768376,run_006,2,10,605189332332836,66.650419,605189398983255,0.482515471,2,waiting_for_target,605189395848869,3.134386,0.0231990232,0.0207570208,177,False,,15.1470588,no contact: insufficient optical evidence,0.0884529412,0.0276079281,1.46931823,run_005,0.040564832
1,10.1076795,1.30109389,run_006,2,10,605189332332836,100.060545,605189432393381,0.333447679,2,waiting_for_target,605189425860305,6.533076,0.0231990232,0.0207570208,177,False,,15.1470588,no contact: insufficient optical evidence,0.0884529412,0.0276079281,1.46931823,run_005,0.040564832
1,10.1416057,1.33502008,run_006,2,10,605189565614306,99.294733,605189466319573,0.474758707,2,waiting_for_target,605189465828457,0.491116,0.0231990232,0.0207570208,177,False,,15.1470588,no contact: insufficient optical evidence,0.0884529412,0.0276079281,1.46931823,run_005,0.040564832
1,10.1744636,1.36787804,run_006,2,10,605189565614306,66.436775,605189499177531,0.389052312,2,waiting_for_target,605189495838599,3.338932,0.0231990232,0.0207570208,177,False,,15.1470588,no contact: insufficient optical evidence,0.0884529412,0.0276079281,1.46931823,run_005,0.040564832
1,10.20761,1.40102445,run_006,2,10,605189565614306,33.290365,605189532323941,0.327516563,2,waiting_for_target,605189525866037,6.457904,0.00854700855,0.0207570208,177,False,,15.1470588,no contact: insufficient optical evidence,0.0884529412,-0.138039641,1.46931823,run_005,0
1,10.2409004,1.43431481,run_006,2,10,605189565614306,0,605189565614306,0.755096435,2,waiting_for_target,605189555882957,9.731349,0.0207570208,0.0207570208,177,False,,15.1470588,no contact: insufficient optical evidence,0.0884529412,0,1.46931823,run_005,0
1,10.2744298,1.46784416,run_006,2,10,605189565614306,33.529348,605189599143654,0.509921853,2,waiting_for_target,605189595838221,3.305433,0.0231990232,0.0207570208,177,False,,15.1470588,no contact: insufficient optical evidence,0.0884529412,0.0276079281,1.46931823,run_005,0.040564832
1,10.3076344,1.50104877,run_006,2,10,605189565614306,66.733953,605189632348259,0.164029479,2,waiting_for_target,605189625852354,6.495905,0.0207570208,0.0207570208,177,False,,15.1470588,no contact: insufficient optical evidence,0.0884529412,0,1.46931823,run_005,0
1,10.3409917,1.53440609,run_006,2,10,605189565614306,100.091276,605189665705582,0.0483123966,2,waiting_for_target,605189656203822,9.50176,0.0231990232,0.0207570208,177,False,,15.1470588,no contact: insufficient optical evidence,0.0884529412,0.0276079281,1.46931823,run_005,0.040564832
1,10.3754403,1.56885471,run_006,2,10,605189765822786,65.668579,605189700154207,0.249469257,2,waiting_for_target,605189695831668,4.322539,0.0231990232,0.0207570208,177,False,,15.1470588,no contact: insufficient optical evidence,0.0884529412,0.0276079281,1.46931823,run_005,0.040564832
1,10.4082945,1.60170887,run_006,2,10,605189765822786,32.81442,605189733008366,0.42983145,2,waiting_for_target,605189725835350,7.173016,0.00610500611,0.0207570208,177,False,,15.1470588,no contact: insufficient optical evidence,0.0884529412,-0.165647569,1.46931823,run_005,0
1,10.4411089,1.63452329,run_006,2,10,605189765822786,0,605189765822786,0.487176878,2,waiting_for_target,605189755856662,9.966124,0.0158730159,0.0207570208,177,False,,15.1470588,no contact: insufficient optical evidence,0.0884529412,-0.0552158562,1.46931823,run_005,0
1,10.4759138,1.66932824,run_006,2,10,605189765822786,34.804952,605189800627738,0.38855786,2,waiting_for_target,605189795851653,4.776085,0.0207570208,0.0207570208,177,False,,15.1470588,no contact: insufficient optical evidence,0.0884529412,0,1.46931823,run_005,0
1,10.507931,1.7013454,run_006,2,10,605189765822786,66.822105,605189832644891,0.557168352,2,waiting_for_target,605189825977361,6.66753,0.0207570208,0.0207570208,177,False,,15.1470588,no contact: insufficient optical evidence,0.0884529412,0,1.46931823,run_005,0
1,10.5415494,1.73496383,run_006,2,10,605189966057637,99.79431,605189866263327,0.320987172,2,waiting_for_target,605189865849877,0.41345,0.0231990232,0.0207570208,177,False,,15.1470588,no contact: insufficient optical evidence,0.0884529412,0.0276079281,1.46931823,run_005,0.040564832
1,10.5746661,1.76808048,run_006,2,10,605189966057637,66.677663,605189899379974,1.17040924,2,settling,605189895857504,3.52247,0.032967033,0.0207570208,177,False,,15.1470588,no contact: insufficient optical evidence,0.0884529412,0.138039641,1.46931823,run_005,0.20282416
1,10.6080189,1.80143333,run_006,2,10,605189966057637,33.324811,605189932732826,1.31000698,2,settling,605189925861999,6.870827,0.0378510379,0.0207570208,177,False,,15.1470588,no contact: insufficient optical evidence,0.0884529412,0.193255497,1.46931823,run_005,0.283953824
1,10.6413437,1.83475814,run_006,2,10,605189966057637,0,605189966057637,1.42394966,2,settling,605189965839801,0.217836,0.0280830281,0.0207570208,177,False,,15.1470588,no contact: insufficient optical evidence,0.0884529412,0.0828237844,1.46931823,run_005,0.121694496
1,10.6747073,1.86812171,run_006,2,10,605189966057637,33.363563,605189999421200,1.65740939,2,settling,605189995850073,3.571127,0.0378510379,0.0207570208,177,False,,15.1470588,no contact: insufficient optical evidence,0.0884529412,0.193255497,1.46931823,run_005,0.283953824
1,10.7413067,1.93472112,run_006,2,10,605189966057637,99.962973,605190066020610,2.04833447,2,settling,605190065853143,0.167467,0.0622710623,0.0207570208,177,False,,15.1470588,no contact: insufficient optical evidence,0.0884529412,0.469334778,1.46931823,run_005,0.689602144
1,10.7759016,1.96931599,run_006,2,10,605190166080072,65.464589,605190100615483,2.30009549,2,settling,605190095858641,4.756842,0.0744810745,0.0207570208,177,True,15.1470588,15.1470588,contact localized,0.0884529412,0.607374419,1.46931823,run_005,0.892426305
1,10.8080027,2.0014171,run_006,2,10,605190166080072,33.363478,605190132716594,2.43097868,2,settling,605190125869688,6.846906,0.106227106,0.0207570208,177,True,15.1470588,15.1470588,contact localized,0.0884529412,0.966277484,1.46931823,run_005,1.41976912
1,10.8413662,2.03478058,run_006,2,10,605190166080072,0,605190166080072,2.11727671,2,recording,605190165819549,0.260523,0.111111111,0.0207570208,177,True,15.1470588,15.1470588,contact localized,0.0884529412,1.02149334,1.46931823,run_005,1.50089878
1,10.8756073,2.06902169,run_006,2,10,605190166080072,34.241106,605190200321178,2.07251099,2,recording,605190195847341,4.473837,0.113553114,0.0207570208,177,True,15.1470588,15.1470588,contact localized,0.0884529412,1.04910127,1.46931823,run_005,1.54146362
1,10.908123,2.1015374,run_006,2,10,605190166080072,66.756825,605190232836897,2.1419844,2,recording,605190225854376,6.982521,0.111111111,0.0207570208,177,True,15.1470588,15.1470588,contact localized,0.0884529412,1.02149334,1.46931823,run_005,1.50089878
1,10.941606,2.13502045,run_006,2,10,605190366295606,99.975663,605190266319943,2.07456412,2,recording,605190265841696,0.478247,0.108669109,0.0207570208,177,True,15.1470588,15.1470588,contact localized,0.0884529412,0.993885412,1.46931823,run_005,1.46033395
1,10.9749044,2.16831882,run_006,2,10,605190366295606,66.677292,605190299618314,2.09730552,2,recording,605190295894646,3.723668,0.113553114,0.0207570208,177,True,15.1470588,15.1470588,contact localized,0.0884529412,1.04910127,1.46931823,run_005,1.54146362
1,11.0082612,2.20167561,run_006,2,10,605190366295606,33.320501,605190332975105,2.13884658,2,recording,605190325859248,7.115857,0.111111111,0.0207570208,177,True,15.1470588,15.1470588,contact localized,0.0884529412,1.02149334,1.46931823,run_005,1.50089878
1,11.0415817,2.23499611,run_006,2,10,605190366295606,0,605190366295606,2.03143106,2,recording,605190365879508,0.416098,0.111111111,0.0207570208,177,True,15.1470588,15.1470588,contact localized,0.0884529412,1.02149334,1.46931823,run_005,1.50089878
1,11.0748606,2.26827505,run_006,2,10,605190366295606,33.278935,605190399574541,2.11792397,2,recording,605190395859600,3.714941,0.115995116,0.0207570208,177,True,15.1470588,15.1470588,contact localized,0.0884529412,1.0767092,1.46931823,run_005,1.58202845
1,11.1084891,2.30190347,run_006,2,10,605190366295606,66.907357,605190433202963,2.20620133,2,waiting_for_target,605190425840909,7.362054,0.108669109,0.0207570208,177,True,15.1470588,15.1470588,contact localized,0.0884529412,0.993885412,1.46931823,run_005,1.46033395
1,11.1415855,2.33499994,run_006,2,10,605190366295606,100.003831,605190466299437,2.3793118,5,waiting_for_target,605190465847327,0.45211,0.113553114,0.0207570208,177,True,15.1470588,15.1470588,contact localized,0.0884529412,1.04910127,1.46931823,run_005,1.54146362
1,11.1751513,2.36856573,run_006,2,10,605190566407689,66.54247,605190499865219,2.44472236,5,waiting_for_target,605190495854982,4.010237,0.101343101,0.0207570208,177,True,15.1470588,15.1470588,contact localized,0.0884529412,0.911061628,1.46931823,run_005,1.33863946
1,11.2083449,2.40175926,run_006,2,10,605190566407689,33.348938,605190533058751,2.53299759,5,waiting_for_target,605190525974350,7.084401,0.108669109,0.0207570208,177,True,15.1470588,15.1470588,contact localized,0.0884529412,0.993885412,1.46931823,run_005,1.46033395
1,11.2416938,2.4351082,run_006,2,10,605190566407689,0,605190566407689,2.61642455,5,waiting_for_target,605190565874518,0.533171,0.128205128,0.0207570208,177,True,15.1470588,15.1470588,contact localized,0.0884529412,1.21474884,1.46931823,run_005,1.78485261
1,11.2750254,2.46843982,run_006,2,10,605190566407689,33.331624,605190599739313,2.7223967,5,waiting_for_target,605190595850724,3.888589,0.120879121,0.0207570208,177,True,15.1470588,15.1470588,contact localized,0.0884529412,1.13192505,1.46931823,run_005,1.66315811
1,11.3083821,2.50179651,run_006,2,10,605190566407689,66.688315,605190633096004,2.83633718,5,waiting_for_target,605190625845194,7.25081,0.14041514,0.0207570208,177,True,15.1470588,15.1470588,contact localized,0.0884529412,1.35278848,1.46931823,run_005,1.98767677
1,11.3417107,2.53512508,run_006,2,10,605190566407689,100.016886,605190666424575,3.09478811,5,waiting_for_target,605190665841544,0.583031,0.147741148,0.0207570208,177,True,15.1470588,15.1470588,contact localized,0.0884529412,1.43561226,1.46931823,run_005,2.10937127
1,11.4084768,2.60189123,run_006,2,10,605190766464357,33.27363,605190733190727,3.76548163,5,waiting_for_target,605190725868309,7.322418,0.194139194,0.0207570208,177,True,15.1470588,15.1470588,contact localized,0.0884529412,1.9601629,1.46931823,run_005,2.88010307
1,11.4417505,2.63516486,run_006,2,10,605190766464357,0,605190766464357,4.20242286,5,settling,605190765841745,0.622612,0.230769231,0.0207570208,177,True,15.1470588,15.1470588,contact localized,0.0884529412,2.37428182,1.46931823,run_005,3.48857555
1,11.4752073,2.66862169,run_006,2,10,605190766464357,33.45683,605190799921187,4.68178983,5,settling,605190795844426,4.076761,0.267399267,0.0207570208,177,True,15.1470588,14.24255,contact localized,0.08935745,2.76017553,1.46931823,run_005,4.05557622
1,11.5085015,2.70191593,run_006,2,10,605190766464357,66.751064,605190833215421,5.19161144,5,settling,605190825842195,7.373226,0.294261294,0.0207570208,177,True,15.1470588,13.342437,contact localized,0.090257563,3.03026433,1.46931823,run_005,4.45242261
1,11.541835,2.73524942,run_006,2,10,605190766464357,100.084558,605190866548915,5.25656431,5,settling,605190865861310,0.687605,0.301587302,0.0207570208,177,True,15.1470588,12.4412626,contact localized,0.0911587374,3.08067322,1.46931823,run_005,4.52648931
1,11.5751853,2.76859965,run_006,2,10,605190966639845,66.7407,605190899899145,5.62472613,5,settling,605190895849143,4.050002,0.308913309,0.0207570208,177,True,9.73529412,11.5396357,contact localized,0.0920603643,3.13007982,1.46931823,run_005,4.59908333
1,11.6086364,2.80205078,run_006,2,10,605190966639845,33.289574,605190933350271,5.5002689,5,settling,605190925854560,7.495711,0.316239316,0.0207570208,177,True,9.73529412,10.6352811,contact localized,0.0929647189,3.17843478,1.46931823,run_005,4.67013215
1,11.641926,2.83534035,run_006,2,10,605190966639845,0,605190966639845,5.6130488,5,settling,605190965848351,0.791494,0.318681319,0.0207570208,177,True,9.73529412,9.73529412,contact localized,0.0938647059,3.17397573,1.46931823,run_005,4.66358039
1,11.6752832,2.8686976,run_006,2,10,605190966639845,33.35725,605190999997095,5.7342596,5,settling,605190995856195,4.1409,0.321123321,0.0207570208,177,True,9.73529412,9.69609343,contact localized,0.0939039066,3.19865607,1.46931823,run_005,4.69984366
1,11.7086504,2.90206477,run_006,2,10,605190966639845,66.724415,605191033364260,5.51799766,5,recording,605191025830975,7.533285,0.326007326,0.0207570208,177,True,9.73529412,9.65688108,contact localized,0.0939431189,3.24930989,1.46931823,run_005,4.77427025
1,11.7420498,2.93546425,run_006,2,10,605191166859906,100.096162,605191066763744,5.31111423,5,recording,605191065832704,0.93104,0.326007326,0.0207570208,177,True,9.5,9.61763076,contact localized,0.0939823692,3.24795286,1.46931823,run_005,4.77227635
1,11.7753618,2.96877623,run_006,2,10,605191166859906,66.784178,605191100075728,5.36008844,5,recording,605191095852777,4.222951,0.323565324,0.0207570208,177,True,9.5,9.57848327,contact localized,0.0940215167,3.22062772,1.46931823,run_005,4.73212701
1,11.809013,3.00242743,run_006,2,10,605191166859906,33.132988,605191133726918,5.38590034,5,recording,605191125950026,7.776892,0.323565324,0.0207570208,177,True,9.5,9.53893714,contact localized,0.0940610629,3.21927367,1.46931823,run_005,4.73013748
1,11.842146,3.03556041,run_006,2,10,605191166859906,0,605191166859906,5.41072514,5,recording,605191165846908,1.012998,0.328449328,0.0207570208,177,True,9.5,9.5,contact localized,0.0941,3.26984386,1.46931823,run_005,4.80444119
1,11.8756964,3.06911081,run_006,2,10,605191166859906,33.550396,605191200410302,5.47543066,5,recording,605191195844567,4.565735,0.326007326,0.0207570208,177,True,9.5,9.5,contact localized,0.0941,3.24389272,1.46931823,run_005,4.76631071
1,11.9089382,3.10235261,run_006,2,10,605191166859906,66.792197,605191233652103,5.38410686,5,recording,605191225869699,7.782404,0.328449328,0.0207570208,177,True,9.5,9.5,contact localized,0.0941,3.26984386,1.46931823,run_005,4.80444119
1,11.9421193,3.13553374,run_006,2,10,605191166859906,99.973329,605191266833235,5.55133463,5,recording,605191265839316,0.993919,0.323565324,0.0207570208,177,True,9.5,9.5,contact localized,0.0941,3.21794158,1.46931823,run_005,4.72818022
1,11.9755868,3.1690012,run_006,2,10,605191367296185,66.995495,605191300300690,5.48247631,5,waiting_for_target,605191295859831,4.440859,0.326007326,0.0207570208,177,True,9.5,9.5,contact localized,0.0941,3.24389272,1.46931823,run_005,4.76631071
1,12.0088727,3.20228709,run_006,2,10,605191367296185,33.709604,605191333586581,5.45009816,10,waiting_for_target,605191325902459,7.684122,0.328449328,0.0207570208,177,True,9.5,9.5,contact localized,0.0941,3.26984386,1.46931823,run_005,4.80444119
1,12.0425823,3.23599669,run_006,2,10,605191367296185,0,605191367296185,5.66443491,10,waiting_for_target,605191365832907,1.463278,0.326007326,0.0207570208,177,True,9.5,9.5,contact localized,0.0941,3.24389272,1.46931823,run_005,4.76631071
1,12.0755905,3.26900488,run_006,2,10,605191367296185,33.008188,605191400304373,5.62576054,10,waiting_for_target,605191395854140,4.450233,0.326007326,0.0207570208,177,True,9.5,9.5,contact localized,0.0941,3.24389272,1.46931823,run_005,4.76631071
1,12.1090002,3.30241458,run_006,2,10,605191367296185,66.417886,605191433714071,5.62073635,10,waiting_for_target,605191425932663,7.781408,0.328449328,0.0207570208,177,True,9.5,9.5,contact localized,0.0941,3.26984386,1.46931823,run_005,4.80444119
1,12.1422674,3.33568178,run_006,2,10,605191367296185,99.685091,605191466981276,5.92607791,10,waiting_for_target,605191465845135,1.136141,0.330891331,0.0207570208,177,True,9.5,9.5,contact localized,0.0941,3.29579501,1.46931823,run_005,4.84257168
1,12.1756272,3.36904156,run_006,2,10,605191600547746,100.206694,605191500341052,6.09143236,10,waiting_for_target,605191495866816,4.474236,0.335775336,0.0207570208,177,True,9.5,9.5,contact localized,0.0941,3.34769729,1.46931823,run_005,4.91883265
1,12.2094807,3.40289515,run_006,2,10,605191600547746,66.353105,605191534194641,6.51425358,10,waiting_for_target,605191525863997,8.330644,0.338217338,0.0207570208,177,True,9.5,9.5,contact localized,0.0941,3.37364843,1.46931823,run_005,4.95696314
1,12.2423845,3.43579894,run_006,2,10,605191600547746,33.449313,605191567098433,7.12572617,10,waiting_for_target,605191565877873,1.22056,0.389499389,0.0207570208,177,True,9.5,9.5,contact localized,0.0941,3.91862241,1.46931823,run_005,5.75770334
1,12.2758339,3.46924825,run_006,2,10,605191600547746,0,605191600547746,7.7730257,10,waiting_for_target,605191595897856,4.64989,0.448107448,0.0207570208,177,True,9.5,9.5,contact localized,0.0941,4.54144981,1.46931823,run_005,6.67283499
1,12.3090575,3.50247191,run_006,2,10,605191600547746,33.22366,605191633771406,8.58601153,10,waiting_for_target,605191625857997,7.913409,0.523809524,0.0207570208,177,True,9.5,9.5,contact localized,0.0941,5.34593521,1.46931823,run_005,7.85488005
1,12.3424366,3.53585103,run_006,2,10,605191600547746,66.60278,605191667150526,9.35165565,10,settling,605191665832310,1.318216,0.601953602,0.0207570208,177,True,9.5,9.5,contact localized,0.0941,6.17637174,1.46931823,run_005,9.07505559
1,12.3758115,3.56922586,run_006,2,10,605191600547746,99.97761,605191700525356,9.33954729,10,settling,605191695847957,4.677399,0.621489621,0.0207570208,177,True,9.5,9.5,contact localized,0.0941,6.38398088,1.46931823,run_005,9.38009947
1,12.4094119,3.60282627,run_006,2,10,605191800554256,66.428494,605191734125762,9.32410599,10,settling,605191726345052,7.78071,0.621489621,0.0207570208,177,True,9.5,9.5,contact localized,0.0941,6.38398088,1.46931823,run_005,9.38009947
1,12.4425188,3.63593318,run_006,2,10,605191800554256,33.321584,605191767232672,9.50219908,10,settling,605191765838176,1.394496,0.616605617,0.0207570208,177,True,9.5,9.5,contact localized,0.0941,6.3320786,1.46931823,run_005,9.3038385
1,12.4758404,3.66925476,run_006,2,10,605191800554256,0,605191800554256,9.62743765,10,settling,605191795858370,4.695886,0.621489621,0.0207570208,177,True,9.5,9.5,contact localized,0.0941,6.38398088,1.46931823,run_005,9.38009947
1,12.5092964,3.70271084,run_006,2,10,605191800554256,33.456081,605191834010337,9.7097441,10,settling,605191825886702,8.123635,0.626373626,0.0207570208,177,True,9.5,9.5,contact localized,0.0941,6.43588316,1.46931823,run_005,9.45636044
1,12.5428442,3.73625856,run_006,2,10,605191800554256,67.003795,605191867558051,9.75470304,10,settling,605191865822655,1.735396,0.628815629,0.0207570208,177,True,9.5,9.5,contact localized,0.0941,6.4618343,1.46931823,run_005,9.49449093
1,12.5760812,3.76949559,run_006,2,10,605192001019247,100.224169,605191900795078,10.1121881,10,settling,605191895915898,4.87918,0.628815629,0.0207570208,177,True,9.5,9.5,contact localized,0.0941,6.4618343,1.46931823,run_005,9.49449093
1,12.6427806,3.83619495,run_006,2,10,605192001019247,33.524801,605191967494446,10.1014545,10,recording,605191965840719,1.653727,0.631257631,0.0207570208,177,True,9.5,9.5,contact localized,0.0941,6.48778545,1.46931823,run_005,9.53262142
1,12.6763054,3.86971975,run_006,2,10,605192001019247,0,605192001019247,10.0829581,10,recording,605191995851889,5.167358,0.648351648,0.0207570208,177,True,9.5,9.5,contact localized,0.0941,6.66944344,1.46931823,run_005,9.79953482
1,12.7095017,3.90291606,run_006,2,10,605192001019247,33.196303,605192034215550,10.2698747,10,recording,605192025911100,8.30445,0.641025641,0.0207570208,177,True,9.5,9.5,contact localized,0.0941,6.59159001,1.46931823,run_005,9.68514336
1,12.7430558,3.93647016,run_006,2,10,605192001019247,66.750406,605192067769653,10.715288,10,recording,605192065850398,1.919255,0.655677656,0.0207570208,177,True,9.5,9.5,contact localized,0.0941,6.74729686,1.46931823,run_005,9.91392627
1,12.7762534,3.96966781,run_006,2,10,605192001019247,99.948053,605192100967300,10.6201236,10,recording,605192095840580,5.12672,0.655677656,0.0207570208,177,True,9.5,9.5,contact localized,0.0941,6.74729686,1.46931823,run_005,9.91392627
1,12.8098053,4.00321973,run_006,2,10,605192234420876,99.901657,605192134519219,10.4449875,10,recording,605192125866838,8.652381,0.658119658,0.0207570208,177,True,9.5,9.5,contact localized,0.0941,6.77324801,1.46931823,run_005,9.95205676
1,12.8429393,4.03635375,run_006,2,10,605192234420876,66.767637,605192167653239,10.4699811,10,recording,605192165848644,1.804595,0.658119658,0.0207570208,177,True,9.5,9.5,contact localized,0.0941,6.77324801,1.46931823,run_005,9.95205676
1,12.8762853,4.06969968,run_006,2,10,605192234420876,33.421705,605192200999171,10.2014695,10,recording,605192195853025,5.146146,0.67032967,0.0207570208,177,True,9.5,9.5,contact localized,0.0941,6.90300371,1.46931823,run_005,10.1427092
1,12.909707,4.10312138,run_006,2,10,605192234420876,0,605192234420876,10.0249062,10,waiting_for_target,605192225909328,8.511548,0.663003663,0.0207570208,177,True,9.5,9.5,contact localized,0.0941,6.82515029,1.46931823,run_005,10.0283177
1,12.9428753,4.13628972,run_006,2,10,605192234420876,33.168332,605192267589208,9.87600213,15,waiting_for_target,605192265850038,1.73917,0.653235653,0.0207570208,177,True,9.5,9.5,contact localized,0.0941,6.72134572,1.46931823,run_005,9.87579579
1,12.9766194,4.1700338,run_006,2,10,605192234420876,66.912417,605192301333293,9.7625022,15,waiting_for_target,605192295852997,5.480296,0.665445665,0.0207570208,177,True,9.5,9.5,contact localized,0.0941,6.85110143,1.46931823,run_005,10.0664482
1,13.0096229,4.20303734,run_006,2,10,605192234420876,99.915954,605192334336830,9.70183071,15,waiting_for_target,605192325846396,8.490434,0.672771673,0.0207570208,177,True,9.5,9.5,contact localized,0.0941,6.92895486,1.46931823,run_005,10.1808397
1,13.0439117,4.23732614,run_006,2,10,605192468227501,99.601868,605192368625633,9.569224,15,waiting_for_target,605192365892002,2.733631,0.663003663,0.0207570208,177,True,9.5,9.5,contact localized,0.0941,6.82515029,1.46931823,run_005,10.0283177
1,13.0765352,4.26994965,run_006,2,10,605192468227501,66.978359,605192401249142,9.86660531,15,waiting_for_target,605192395832859,5.416283,0.667887668,0.0207570208,177,True,9.5,9.5,contact localized,0.0941,6.87705257,1.46931823,run_005,10.1045787
1,13.1096875,4.30310187,run_006,2,10,605192468227501,33.826134,605192434401367,10.2189614,15,waiting_for_target,605192425852782,8.548585,0.663003663,0.0207570208,177,True,9.5,9.5,contact localized,0.0941,6.82515029,1.46931823,run_005,10.0283177
1,13.1435136,4.33692801,run_006,2,10,605192468227501,0,605192468227501,10.3182488,15,waiting_for_target,605192465828533,2.398968,0.660561661,0.0207570208,177,True,9.5,9.5,contact localized,0.0941,6.79919915,1.46931823,run_005,9.99018724
1,13.1764961,4.36991047,run_006,2,10,605192468227501,32.982457,605192501209958,10.7139594,15,waiting_for_target,605192495854221,5.355737,0.665445665,0.0207570208,177,True,9.5,9.5,contact localized,0.0941,6.85110143,1.46931823,run_005,10.0664482
1,13.2098941,4.40330855,run_006,2,10,605192468227501,66.380542,605192534608043,11.6108034,15,waiting_for_target,605192525904667,8.703376,0.677655678,0.0207570208,177,True,9.5,9.5,contact localized,0.0941,6.98085714,1.46931823,run_005,10.2571006
1,13.243215,4.43662939,run_006,2,10,605192468227501,99.701384,605192567928885,12.3270171,15,waiting_for_target,605192565843906,2.084979,0.794871795,0.0207570208,177,True,9.5,9.5,contact localized,0.0941,8.22651195,1.46931823,run_005,12.087364
1,13.2766184,4.47003279,run_006,2,10,605192701435388,100.103105,605192601332283,13.5836728,15,settling,605192596293047,5.039236,0.846153846,0.0207570208,177,True,9.5,9.5,contact localized,0.0941,8.77148592,1.46931823,run_005,12.8881042
1,13.3099823,4.50339665,run_006,2,10,605192701435388,66.739241,605192634696147,13.8104053,15,settling,605192625869897,8.82625,0.868131868,0.0207570208,177,True,9.5,9.5,contact localized,0.0941,9.0050462,1.46931823,run_005,13.2312785
1,13.3434574,4.5368718,run_006,2,10,605192701435388,33.264095,605192668171293,13.7267396,15,settling,605192665846796,2.324497,0.877899878,0.0207570208,177,True,9.5,9.5,contact localized,0.0941,9.10885077,1.46931823,run_005,13.3838005
1,13.3767215,4.57013589,run_006,2,10,605192701435388,0,605192701435388,13.9479188,15,settling,605192695856962,5.578426,0.88034188,0.0207570208,177,True,9.5,9.5,contact localized,0.0941,9.13480191,1.46931823,run_005,13.421931
1,13.4100141,4.60342847,run_006,2,10,605192701435388,33.292576,605192734727964,14.1123594,15,settling,605192725869844,8.85812,0.882783883,0.0207570208,177,True,9.5,9.5,contact localized,0.0941,9.16075305,1.46931823,run_005,13.4600614
1,13.4434284,4.63684283,run_006,2,10,605192701435388,66.706934,605192768142322,14.7036266,15,settling,605192766054776,2.087546,0.924297924,0.0207570208,177,True,9.5,9.5,contact localized,0.0941,9.60192246,1.46931823,run_005,14.1082797
1,13.4768308,4.67024523,run_006,2,10,605192901598468,100.053748,605192801544720,15.1120284,15,settling,605192795861206,5.683514,0.953601954,0.0207570208,177,True,9.5,9.5,contact localized,0.0941,9.91333616,1.46931823,run_005,14.5658455
1,13.5435076,4.73692203,run_006,2,10,605192901598468,33.376941,605192868221527,14.9086759,15,recording,605192865844871,2.376656,0.973137973,0.0207570208,177,True,9.5,9.5,contact localized,0.0941,10.1209453,1.46931823,run_005,14.8708894
1,13.5768846,4.77029898,run_006,2,10,605192901598468,0,605192901598468,14.7239461,15,recording,605192895856087,5.742381,0.965811966,0.0207570208,177,True,9.5,9.5,contact localized,0.0941,10.0430919,1.46931823,run_005,14.756498
1,13.6100208,4.8034352,run_006,2,10,605192901598468,33.136221,605192934734689,14.5751918,15,recording,605192925866242,8.868447,0.965811966,0.0207570208,177,True,9.5,9.5,contact localized,0.0941,10.0430919,1.46931823,run_005,14.756498
1,13.6433698,4.83678418,run_006,2,10,605192901598468,66.485205,605192968083673,15.1010563,15,recording,605192965849354,2.234319,0.973137973,0.0207570208,177,True,9.5,9.5,contact localized,0.0941,10.1209453,1.46931823,run_005,14.8708894
1,13.6769928,4.87040724,run_006,2,10,605192901598468,100.108268,605193001706736,15.0054016,15,recording,605192995904882,5.801854,0.965811966,0.0207570208,177,True,9.5,9.5,contact localized,0.0941,10.0430919,1.46931823,run_005,14.756498
1,13.7101046,4.90351898,run_006,2,10,605193134921233,100.102761,605193034818472,15.1086793,15,recording,605193025954771,8.863701,0.973137973,0.0207570208,177,True,9.5,9.5,contact localized,0.0941,10.1209453,1.46931823,run_005,14.8708894
1,13.7435381,4.93695247,run_006,2,10,605193134921233,66.669273,605193068251960,15.1137571,15,recording,605193065872693,2.379267,0.975579976,0.0207570208,177,True,9.5,9.5,contact localized,0.0941,10.1468964,1.46931823,run_005,14.9090199
1,13.7768553,4.97026966,run_006,2,10,605193134921233,33.352084,605193101569149,15.0186585,15,recording,605193095838082,5.731067,0.975579976,0.0207570208,177,True,9.5,9.5,contact localized,0.0941,10.1468964,1.46931823,run_005,14.9090199
1,13.8102073,5.00362174,run_006,2,10,605193134921233,0,605193134921233,15.0254371,15,waiting_for_target,605193125850829,9.070404,0.975579976,0.0207570208,177,True,9.5,9.5,contact localized,0.0941,10.1468964,1.46931823,run_005,14.9090199
1,13.8435163,5.03693072,run_006,2,10,605193134921233,33.308977,605193168230210,14.9410013,20,waiting_for_target,605193165845548,2.384662,0.973137973,0.0207570208,177,True,9.5,9.5,contact localized,0.0941,10.1209453,1.46931823,run_005,14.8708894
1,13.8768589,5.07027331,run_006,2,10,605193134921233,66.651571,605193201572804,15.0251596,20,waiting_for_target,605193195839613,5.733191,0.970695971,0.0207570208,177,True,9.5,9.5,contact localized,0.0941,10.0949942,1.46931823,run_005,14.8327589
1,13.9102588,5.10367321,run_006,2,10,605193134921233,100.051471,605193234972704,14.9406337,20,waiting_for_target,605193225859564,9.11314,0.985347985,0.0207570208,177,True,9.5,9.5,contact localized,0.0941,10.250701,1.46931823,run_005,15.0615418
1,13.9443981,5.13781253,run_006,2,10,605193335218869,66.106842,605193269112027,15.0051398,20,waiting_for_target,605193265885115,3.226912,0.956043956,0.0207570208,177,True,9.5,9.5,contact localized,0.0941,9.9392873,1.46931823,run_005,14.603976
1,13.9771303,5.17054469,run_006,2,10,605193335218869,33.37469,605193301844179,15.0395516,20,waiting_for_target,605193295841680,6.002499,0.975579976,0.0207570208,177,True,9.5,9.5,contact localized,0.0941,10.1468964,1.46931823,run_005,14.9090199
1,14.010505,5.20391938,run_006,2,10,605193335218869,0,605193335218869,15.1616587,20,waiting_for_target,605193325869139,9.34973,0.968253968,0.0207570208,177,True,9.5,9.5,contact localized,0.0941,10.069043,1.46931823,run_005,14.7946284
1,14.0437006,5.23711501,run_006,2,10,605193335218869,33.195635,605193368414504,15.1144965,20,waiting_for_target,605193365900405,2.514099,0.973137973,0.0207570208,177,True,9.5,9.5,contact localized,0.0941,10.1209453,1.46931823,run_005,14.8708894
1,14.0770432,5.27045758,run_006,2,10,605193335218869,66.538204,605193401757073,15.5966745,20,waiting_for_target,605193395857701,5.899372,0.970695971,0.0207570208,177,True,9.5,9.5,contact localized,0.0941,10.0949942,1.46931823,run_005,14.8327589
1,14.110417,5.30383143,run_006,2,10,605193335218869,99.912056,605193435130925,16.2164878,20,waiting_for_target,605193425866133,9.264792,0.985347985,0.0207570208,177,True,9.5,9.5,contact localized,0.0941,10.250701,1.46931823,run_005,15.0615418
1,14.1445744,5.33798879,run_006,2,10,605193535259826,65.971542,605193469288284,16.7330435,20,waiting_for_target,605193465863192,3.425092,1.00732601,0.0207570208,177,True,9.5,9.5,contact localized,0.0941,10.4842613,1.46931823,run_005,15.4047162
1,14.1771686,5.37058295,run_006,2,10,605193535259826,33.377379,605193501882447,17.4650665,20,waiting_for_target,605193495855064,6.027383,1.07081807,0.0207570208,177,True,9.5,9.5,contact localized,0.0941,11.158991,1.46931823,run_005,16.3961088
1,14.2105459,5.40396033,run_006,2,10,605193535259826,0,605193535259826,19.0884258,20,settling,605193525865821,9.394005,1.15873016,0.0207570208,177,True,9.5,9.5,contact localized,0.0941,12.0932321,1.46931823,run_005,17.7688063
1,14.2438158,5.43723018,run_006,2,10,605193535259826,33.269843,605193568529669,19.3509399,20,settling,605193565871094,2.658575,1.2002442,0.0207570208,177,True,9.5,9.5,contact localized,0.0941,12.5344015,1.46931823,run_005,18.4170246
1,14.27741,5.47082437,run_006,2,10,605193535259826,66.864033,605193602123859,19.2727808,20,settling,605193595850618,6.273241,1.20512821,0.0207570208,177,True,9.5,9.5,contact localized,0.0941,12.5863038,1.46931823,run_005,18.4932855
1,14.31055,5.50396441,run_006,2,10,605193535259826,100.004076,605193635263902,19.5065253,20,settling,605193625863300,9.400602,1.21001221,0.0207570208,177,True,9.5,9.5,contact localized,0.0941,12.638206,1.46931823,run_005,18.5695465
1,14.3446433,5.53805766,run_006,2,10,605193735336355,65.979201,605193669357154,19.4252162,20,settling,605193665837720,3.519434,1.21733822,0.0207570208,177,True,9.5,9.5,invalid: response is spatially diffuse,0.0941,12.7160595,1.46931823,run_005,18.683938
1,14.3773289,5.57074328,run_006,2,10,605193735336355,33.293584,605193702042771,19.6437231,20,settling,605193695868500,6.174271,1.23931624,0.0207570208,177,True,9.5,9.5,invalid: response is spatially diffuse,0.0941,12.9496198,1.46931823,run_005,19.0271123
1,14.4106225,5.60403686,run_006,2,10,605193735336355,0,605193735336355,19.9879342,20,settling,605193726322609,9.013746,1.25885226,0.0207570208,177,True,9.5,9.5,invalid: response is spatially diffuse,0.0941,13.1572289,1.46931823,run_005,19.3321562
1,14.4441334,5.63754779,run_006,2,10,605193735336355,33.510925,605193768847280,20.7441696,20,settling,605193765847386,2.999894,1.2954823,0.0207570208,177,True,9.5,9.5,invalid: response is spatially diffuse,0.0941,13.546496,1.46931823,run_005,19.9041135
1,14.4773305,5.67074492,run_006,2,10,605193735336355,66.708054,605193802044409,20.7442669,20,recording,605193795852443,6.191966,1.31013431,0.0207570208,177,True,9.5,9.5,invalid: response is spatially diffuse,0.0941,13.7022029,1.46931823,run_005,20.1328964
1,14.5106892,5.70410364,run_006,2,10,605193735336355,100.066775,605193835403130,20.5459293,20,recording,605193825854583,9.548547,1.31257631,0.0207570208,177,True,9.5,9.5,invalid: response is spatially diffuse,0.0941,13.728154,1.46931823,run_005,20.1710269
1,14.545268,5.73868238,run_006,2,10,605193935719300,65.737422,605193869981878,20.8165058,20,recording,605193865854903,4.126975,1.31501832,0.0207570208,177,True,9.5,9.5,invalid: response is spatially diffuse,0.0941,13.7541051,1.46931823,run_005,20.2091574
1,14.5774091,5.77082351,run_006,2,10,605193935719300,33.596302,605193902122998,21.020833,20,recording,605193896020499,6.102499,1.31746032,0.0207570208,177,True,9.5,9.5,invalid: response is spatially diffuse,0.0941,13.7800563,1.46931823,run_005,20.2472879
1,14.6110054,5.80441981,run_006,2,10,605193935719300,0,605193935719300,20.9847074,20,recording,605193925828599,9.890701,1.32234432,0.0207570208,177,True,9.5,9.5,invalid: response is spatially diffuse,0.0941,13.8319586,1.46931823,run_005,20.3235489
1,14.6441313,5.83754568,run_006,2,10,605193935719300,33.125873,605193968845173,21.2645093,20,recording,605193965835610,3.009563,1.32234432,0.0207570208,177,True,9.5,9.46658754,invalid: response is spatially diffuse,0.0941334125,13.8270489,1.46931823,run_005,20.3163351
1,14.6774653,5.87087973,run_006,2,10,605193935719300,66.459925,605194002179225,21.4878228,20,recording,605193995858564,6.320661,1.32967033,0.0207570208,177,True,9.5,9.43296509,invalid: response is spatially diffuse,0.0941670349,13.89991,1.46931823,run_005,20.4233911
1,14.7108232,5.90423763,run_006,2,10,605193935719300,99.817824,605194035537124,21.3233005,20,recording,605194025841315,9.695809,1.33943834,0.0207570208,177,True,9.5,9.3993186,invalid: response is spatially diffuse,0.0942006814,13.9986389,1.46931823,run_005,20.5684552
1,14.7449203,5.93833465,run_006,2,10,605194168995218,99.361073,605194069634145,21.5056621,20,release,605194065832927,3.801218,1.33943834,0.0207570208,177,True,9.26470588,9.36492658,invalid: response is spatially diffuse,0.0942350734,13.9935299,1.46931823,run_005,20.5609486
1,14.7775291,5.97094352,run_006,2,10,605194168995218,66.752207,605194102243011,21.4943441,,release,605194095844310,6.398701,1.34188034,0.0207570208,177,True,9.26470588,9.3320356,invalid: response is spatially diffuse,0.0942679644,14.0145523,1.46931823,run_005,20.5918372
1,14.8109359,6.00435034,run_006,2,10,605194168995218,33.345385,605194135649833,21.6120355,,release,605194125847852,9.801981,1.34188034,0.0207570208,177,True,9.26470588,9.29833976,invalid: response is spatially diffuse,0.0943016602,14.0095447,1.46931823,run_005,20.5844793
1,14.8442813,6.03769572,run_006,2,10,605194168995218,0,605194168995218,21.4979074,,release,605194165861966,3.133252,1.34432234,0.0207570208,177,True,9.26470588,9.26470588,invalid: response is spatially diffuse,0.0943352941,14.0304362,1.46931823,run_005,20.6151756
1,14.8776117,6.07102606,run_006,2,10,605194168995218,33.330338,605194202325556,21.3998752,,release,605194195853600,6.471956,1.34676435,0.0207570208,177,True,9.26470588,9.26470588,invalid: response is spatially diffuse,0.0943352941,14.0563226,1.46931823,run_005,20.653211
1,14.911141,6.10455545,run_006,2,10,605194168995218,66.859722,605194235854940,21.1521936,,release,605194225829710,10.02523,1.34920635,0.0207570208,177,True,9.26470588,9.26470588,invalid: response is spatially diffuse,0.0943352941,14.082209,1.46931823,run_005,20.6912464
1,14.9444251,6.13783952,run_006,2,10,605194369115887,99.97687,605194269139017,21.3015017,,release,605194265842669,3.296348,1.34920635,0.0207570208,177,True,9.26470588,9.26470588,invalid: response is spatially diffuse,0.0943352941,14.082209,1.46931823,run_005,20.6912464
1,14.9777971,6.1712115,run_006,2,10,605194369115887,66.604892,605194302510995,20.5409732,,release,605194295838213,6.672782,1.34676435,0.0207570208,177,True,9.26470588,9.26470588,invalid: response is spatially diffuse,0.0943352941,14.0563226,1.46931823,run_005,20.653211
1,15.0111522,6.20456663,run_006,2,10,605194369115887,33.24976,605194335866127,19.7055445,,release,605194335834063,0.032064,1.34920635,0.0207570208,177,True,9.26470588,9.26470588,invalid: response is spatially diffuse,0.0943352941,14.082209,1.46931823,run_005,20.6912464
1,15.044402,6.23781639,run_006,2,10,605194369115887,0,605194369115887,19.0261905,,release,605194365862149,3.253738,1.34676435,0.0207570208,177,True,9.26470588,9.26470588,invalid: response is spatially diffuse,0.0943352941,14.0563226,1.46931823,run_005,20.653211
1,15.0777649,6.27117928,run_006,2,10,605194369115887,33.362885,605194402478772,17.9193711,,release,605194395851576,6.627196,1.34432234,0.0207570208,177,True,9.26470588,9.26470588,invalid: response is spatially diffuse,0.0943352941,14.0304362,1.46931823,run_005,20.6151756
1,15.1112023,6.30461674,run_006,2,10,605194369115887,66.80035,605194435916237,17.1299881,,release,605194435870468,0.045769,1.33943834,0.0207570208,177,True,9.26470588,9.26470588,invalid: response is spatially diffuse,0.0943352941,13.9786634,1.46931823,run_005,20.5391049
1,15.1445133,6.33792765,run_006,2,10,605194569309731,100.082584,605194469227147,16.4959941,,release,605194465831034,3.396113,1.33211233,0.0207570208,177,True,9.26470588,9.26470588,invalid: response is spatially diffuse,0.0943352941,13.9010041,1.46931823,run_005,20.4249987
1,15.177837,6.37125136,run_006,2,10,605194569309731,66.758873,605194502550858,15.9106364,,release,605194495869963,6.680895,1.31257631,0.0207570208,177,True,9.26470588,9.26470588,invalid: response is spatially diffuse,0.0943352941,13.6939128,1.46931823,run_005,20.1207157
1,15.2115506,6.40496501,run_006,2,10,605194569309731,33.045225,605194536264506,15.562333,,release,605194535839869,0.424637,1.2954823,0.0207570208,177,True,9.26470588,9.26470588,invalid: response is spatially diffuse,0.0943352941,13.5127079,1.46931823,run_005,19.854468
1,15.2445958,6.43801024,run_006,2,10,605194569309731,0,605194569309731,15.1244887,,release,605194565845982,3.463749,1.28571429,0.0207570208,177,True,9.26470588,9.26470588,invalid: response is spatially diffuse,0.0943352941,13.4091623,1.46931823,run_005,19.7023265
1,15.2778918,6.47130617,run_006,2,10,605194569309731,33.295931,605194602605662,14.2393248,,release,605194595883621,6.722041,1.23443223,0.0207570208,177,True,9.26470588,9.30385838,invalid: response is spatially diffuse,0.0942961416,12.8708894,1.46931823,run_005,18.9114325
1,15.3114404,6.50485475,run_006,2,10,605194569309731,66.844515,605194636154246,13.0704669,,release,605194635840263,0.313983,1.13919414,0.0207570208,177,True,9.26470588,9.34330796,invalid: response is spatially diffuse,0.094256692,11.8658643,1.46931823,run_005,17.4347307
1,15.344614,6.5380284,run_006,2,10,605194569309731,100.018161,605194669327892,12.1415237,,release,605194666098539,3.229353,1.06593407,0.0207570208,177,True,9.26470588,9.38231666,invalid: response is spatially diffuse,0.0942176833,11.0932153,1.46931823,run_005,16.2994634
1,15.3779725,6.57138693,run_006,2,10,605194769407758,66.721331,605194702686427,10.7344695,,release,605194695863192,6.823235,0.963369963,0.0207570208,177,True,9.5,9.42154277,invalid: response is spatially diffuse,0.0941784572,10.0087958,1.46931823,run_005,14.706106
1,15.4113746,6.60478901,run_006,2,10,605194769407758,33.319256,605194736088502,9.71954596,,release,605194735854344,0.234158,0.873015873,0.0207570208,177,True,9.5,9.46082008,invalid: response is spatially diffuse,0.0941391799,9.05317906,1.46931823,run_005,13.302001
1,15.4446939,6.63810826,run_006,2,10,605194769407758,0,605194769407758,8.95211667,,release,605194765840435,3.567323,0.80952381,0.0207570208,177,True,9.5,9.5,invalid: response is spatially diffuse,0.0941,8.3822188,1.46931823,run_005,12.3161469
1,15.4780233,6.67143768,run_006,2,10,605194769407758,33.329415,605194802737173,7.96858379,,release,605194795856056,6.881117,0.763125763,0.0207570208,177,True,9.5,9.5,invalid: response is spatially diffuse,0.0941,7.8891471,1.46931823,run_005,11.5916676
1,15.5116417,6.70505612,run_006,2,10,605194769407758,66.947854,605194836355612,7.33173409,,release,605194836083262,0.27235,0.667887668,0.0207570208,177,True,9.5,9.5,invalid: response is spatially diffuse,0.0941,6.87705257,1.46931823,run_005,10.1045787
1,15.5449641,6.73837852,run_006,2,10,605194969572842,99.894829,605194869678013,6.11380365,,release,605194865855421,3.822592,0.619047619,0.0207570208,177,True,9.5,9.5,contact localized,0.0941,6.35802974,1.46931823,run_005,9.34196899
1,15.5782631,6.77167747,run_006,2,10,605194969572842,66.595875,605194902976967,5.42875727,,release,605194895854183,7.122784,0.555555556,0.0207570208,177,True,9.5,9.5,contact localized,0.0941,5.68330005,1.46931823,run_005,8.35057636
1,15.6448589,6.83827335,run_006,2,10,605194969572842,0,605194969572842,3.74849871,,release,605194965866123,3.706719,0.365079365,0.0207570208,177,True,9.5,9.5,contact localized,0.0941,3.65911099,1.46931823,run_005,5.37639848
1,15.6782523,6.87166668,run_006,2,10,605194969572842,33.393329,605195002966171,3.29309212,,release,605194995853297,7.112874,0.326007326,0.0207570208,177,True,9.5,9.5,contact localized,0.0941,3.24389272,1.46931823,run_005,4.76631071
1,15.7115941,6.90500852,run_006,2,10,605194969572842,66.735167,605195036308009,3.04243705,,release,605195035872570,0.435439,0.301587302,0.0207570208,177,True,9.5,9.5,contact localized,0.0941,2.98438131,1.46931823,run_005,4.38500585
1,15.7449275,6.93834188,run_006,2,10,605194969572842,100.068527,605195069641369,2.63442904,,release,605195065848676,3.792693,0.27960928,0.0207570208,177,True,9.5,9.5,contact localized,0.0941,2.75082103,1.46931823,run_005,4.04183148
1,15.7790716,6.97248602,run_006,2,10,605195169722027,65.936516,605195103785511,2.21788364,,release,605195095969381,7.81613,0.255189255,0.0207570208,177,True,9.5,9.5,contact localized,0.0941,2.49130961,1.46931823,run_005,3.66052662
1,15.8116841,7.0050985,run_006,2,10,605195169722027,33.324037,605195136397990,2.00990756,,release,605195135868363,0.529627,0.235653236,0.0207570208,177,True,9.5,9.5,contact localized,0.0941,2.28370048,1.46931823,run_005,3.35548274
1,15.8450081,7.03842253,run_006,2,10,605195169722027,0,605195169722027,1.71070538,,release,605195165844896,3.877131,0.225885226,0.0207570208,177,True,9.5,9.5,contact localized,0.0941,2.17989591,1.46931823,run_005,3.2029608
1,15.8783593,0,run_007,3,20,605200506926663,0,605200506926663,0.636223154,2,waiting_for_target,605200505864408,1.062255,0.0158730159,0.0207570208,124,False,,22.9117647,no contact: insufficient optical evidence,0.0806882353,-0.0605293308,1.46931823,run_005,0
1,15.945075,0.066715717,run_007,3,20,605200506926663,66.715717,605200573642380,0.544791556,2,waiting_for_target,605200565919438,7.722942,0.0158730159,0.0207570208,124,False,,22.9117647,no contact: insufficient optical evidence,0.0806882353,-0.0605293308,1.46931823,run_005,0
1,15.9784602,0.100100928,run_007,3,20,605200506926663,100.100928,605200607027591,0.622711903,2,waiting_for_target,605200605881950,1.145641,0.0134310134,0.0207570208,124,False,,22.9117647,no contact: insufficient optical evidence,0.0806882353,-0.0907939962,1.46931823,run_005,0
1,16.0118695,0.133510246,run_007,3,20,605200707318042,66.881133,605200640436909,0.594563442,2,waiting_for_target,605200635933005,4.503904,0.0158730159,0.0207570208,124,False,,22.9117647,no contact: insufficient optical evidence,0.0806882353,-0.0605293308,1.46931823,run_005,0
1,16.0787507,0.200391379,run_007,3,20,605200707318042,0,605200707318042,0.772424026,2,waiting_for_target,605200705849342,1.4687,0.0207570208,0.0207570208,124,False,,22.9117647,no contact: insufficient optical evidence,0.0806882353,0,1.46931823,run_005,0
1,16.1121179,0.233758639,run_007,3,20,605200707318042,33.36726,605200740685302,0.857757361,2,waiting_for_target,605200735858618,4.826684,0.00610500611,0.0207570208,124,False,,22.9117647,no contact: insufficient optical evidence,0.0806882353,-0.181587992,1.46931823,run_005,0
1,16.1452759,0.266916595,run_007,3,20,605200707318042,66.525216,605200773843258,0.643768744,2,waiting_for_target,605200765872992,7.970266,0.0231990232,0.0207570208,124,False,,22.9117647,no contact: insufficient optical evidence,0.0806882353,0.0302646654,1.46931823,run_005,0.0444684245
1,16.1785635,0.300204183,run_007,3,20,605200707318042,99.812804,605200807130846,0.68906574,2,waiting_for_target,605200806535753,0.595093,0.0207570208,0.0207570208,124,False,,22.9117647,no contact: insufficient optical evidence,0.0806882353,0,1.46931823,run_005,0
1,16.2461094,0.367750061,run_007,3,20,605200940615252,65.938528,605200874676724,0.712701068,2,waiting_for_target,605200865865592,8.811132,0.00610500611,0.0207570208,124,False,,22.9117647,no contact: insufficient optical evidence,0.0806882353,-0.181587992,1.46931823,run_005,0
1,16.2786565,0.400297224,run_007,3,20,605200940615252,33.391365,605200907223887,0.592910453,2,waiting_for_target,605200905877966,1.345921,0.0231990232,0.0207570208,124,False,,22.9117647,no contact: insufficient optical evidence,0.0806882353,0.0302646654,1.46931823,run_005,0.0444684245
1,16.3120479,0.433688589,run_007,3,20,605200940615252,0,605200940615252,0.671164587,2,waiting_for_target,605200935856303,4.758949,0.0158730159,0.0207570208,124,False,,22.9117647,no contact: insufficient optical evidence,0.0806882353,-0.0605293308,1.46931823,run_005,0
1,16.3453888,0.467029481,run_007,3,20,605200940615252,33.340892,605200973956144,0.648533873,2,waiting_for_target,605200965860764,8.09538,0.0207570208,0.0207570208,124,False,,22.9117647,no contact: insufficient optical evidence,0.0806882353,0,1.46931823,run_005,0
1,16.3787451,0.50038585,run_007,3,20,605200940615252,66.697261,605201007312513,0.564548148,2,waiting_for_target,605201005859680,1.452833,0.0231990232,0.0207570208,124,False,,22.9117647,no contact: insufficient optical evidence,0.0806882353,0.0302646654,1.46931823,run_005,0.0444684245
1,16.4121191,0.53375979,run_007,3,20,605201140749096,100.062643,605201040686453,0.693415033,2,waiting_for_target,605201035850386,4.836067,0.0183150183,0.0207570208,124,False,,22.9117647,no contact: insufficient optical evidence,0.0806882353,-0.0302646654,1.46931823,run_005,0
1,16.4462352,0.567875897,run_007,3,20,605201140749096,65.946536,605201074802560,0.588618867,2,waiting_for_target,605201066254340,8.54822,0.0256410256,0.0207570208,124,False,,22.9117647,no contact: insufficient optical evidence,0.0806882353,0.0605293308,1.46931823,run_005,0.088936849
1,16.4787832,0.600423909,run_007,3,20,605201140749096,33.398524,605201107350572,0.693813755,2,waiting_for_target,605201105925732,1.42484,0.0207570208,0.0207570208,124,False,,22.9117647,no contact: insufficient optical evidence,0.0806882353,0,1.46931823,run_005,0
1,16.5121817,0.633822433,run_007,3,20,605201140749096,0,605201140749096,0.782492607,2,waiting_for_target,605201135855508,4.893588,0.0231990232,0.0207570208,124,False,,22.9117647,no contact: insufficient optical evidence,0.0806882353,0.0302646654,1.46931823,run_005,0.0444684245
1,16.5455294,0.667170078,run_007,3,20,605201140749096,33.347645,605201174096741,0.598101989,2,waiting_for_target,605201165860324,8.236417,0.0134310134,0.0207570208,124,False,,22.9117647,no contact: insufficient optical evidence,0.0806882353,-0.0907939962,1.46931823,run_005,0
1,16.5788717,0.700512417,run_007,3,20,605201140749096,66.689984,605201207439080,0.43226547,2,waiting_for_target,605201205869492,1.569588,0.0207570208,0.0207570208,124,False,,22.9117647,no contact: insufficient optical evidence,0.0806882353,0,1.46931823,run_005,0
1,16.6124016,0.734042351,run_007,3,20,605201340925834,99.95682,605201240969014,0.778489316,2,waiting_for_target,605201235959998,5.009016,0.0231990232,0.0207570208,124,False,,22.9117647,no contact: insufficient optical evidence,0.0806882353,0.0302646654,1.46931823,run_005,0.0444684245
1,16.6463664,0.768007158,run_007,3,20,605201340925834,65.992013,605201274933821,0.54608622,2,waiting_for_target,605201265863855,9.069966,0.0207570208,0.0207570208,124,False,,22.9117647,no contact: insufficient optical evidence,0.0806882353,0,1.46931823,run_005,0
1,16.6791327,0.800773438,run_007,3,20,605201340925834,33.225733,605201307700101,0.213466433,2,waiting_for_target,605201305849553,1.850548,0.0256410256,0.0207570208,124,False,,22.9117647,no contact: insufficient optical evidence,0.0806882353,0.0605293308,1.46931823,run_005,0.088936849
1,16.7123585,0.833999171,run_007,3,20,605201340925834,0,605201340925834,0.932589955,2,waiting_for_target,605201335867807,5.058027,0.0207570208,0.0207570208,124,False,,22.9117647,no contact: insufficient optical evidence,0.0806882353,0,1.46931823,run_005,0
1,16.7457947,0.867435393,run_007,3,20,605201340925834,33.436222,605201374362056,0.43731419,2,waiting_for_target,605201365848252,8.513804,0.0207570208,0.0207570208,124,False,,22.9117647,no contact: insufficient optical evidence,0.0806882353,0,1.46931823,run_005,0
1,16.7791607,0.900801424,run_007,3,20,605201340925834,66.802253,605201407728087,0.392748693,2,waiting_for_target,605201405841613,1.886474,0.0207570208,0.0207570208,124,False,,22.9117647,no contact: insufficient optical evidence,0.0806882353,0,1.46931823,run_005,0
1,16.8126607,0.934301379,run_007,3,20,605201541228391,100.000349,605201441228042,0.420796631,2,waiting_for_target,605201435860213,5.367829,0.0231990232,0.0207570208,124,False,,22.9117647,no contact: insufficient optical evidence,0.0806882353,0.0302646654,1.46931823,run_005,0.0444684245
1,16.8466872,0.968327871,run_007,3,20,605201541228391,65.973857,605201475254534,0.231338429,2,waiting_for_target,605201465841626,9.412908,0.0183150183,0.0207570208,124,False,,22.9117647,no contact: insufficient optical evidence,0.0806882353,-0.0302646654,1.46931823,run_005,0
1,16.879364,1.0010047,run_007,3,20,605201541228391,33.29703,605201507931361,0.37695091,2,waiting_for_target,605201505881739,2.049622,0.00610500611,0.0207570208,124,False,,22.9117647,no contact: insufficient optical evidence,0.0806882353,-0.181587992,1.46931823,run_005,0
1,16.912661,1.03430173,run_007,3,20,605201541228391,0,605201541228391,0.310735867,2,waiting_for_target,605201535855045,5.373346,0.0256410256,0.0207570208,124,False,,22.9117647,no contact: insufficient optical evidence,0.0806882353,0.0605293308,1.46931823,run_005,0.088936849
1,16.9459565,1.06759722,run_007,3,20,605201541228391,33.295494,605201574523885,0.359460912,2,waiting_for_target,605201565873204,8.650681,0.0231990232,0.0207570208,124,False,,22.9117647,no contact: insufficient optical evidence,0.0806882353,0.0302646654,1.46931823,run_005,0.0444684245
1,16.9791387,1.10077946,run_007,3,20,605201541228391,66.477727,605201607706118,0.295909134,2,waiting_for_target,605201605848534,1.857584,0.0207570208,0.0207570208,124,False,,22.9117647,no contact: insufficient optical evidence,0.0806882353,0,1.46931823,run_005,0
1,17.0128535,1.13449416,run_007,3,20,605201541228391,100.192434,605201641420825,0.490999413,2,waiting_for_target,605201635855546,5.565279,0.00854700855,0.0207570208,124,False,,22.9117647,no contact: insufficient optical evidence,0.0806882353,-0.151323327,1.46931823,run_005,0
1,17.0466403,1.16828103,run_007,3,20,605201774527127,99.319437,605201675207690,0.345764023,2,waiting_for_target,605201665853038,9.354652,0.0231990232,0.0207570208,124,False,,22.9117647,no contact: insufficient optical evidence,0.0806882353,0.0302646654,1.46931823,run_005,0.0444684245
1,17.0792822,1.2009229,run_007,3,20,605201774527127,66.677567,605201707849560,1.37887274,2,settling,605201705861791,1.987769,0.0158730159,0.0207570208,124,False,,22.9117647,no contact: insufficient optical evidence,0.0806882353,-0.0605293308,1.46931823,run_005,0
1,17.1125865,1.23422724,run_007,3,20,605201774527127,33.373225,605201741153902,2.26290224,2,settling,605201735855820,5.298082,0.113553114,0.0207570208,124,False,,22.9117647,no contact: insufficient optical evidence,0.0806882353,1.15005728,1.46931823,run_005,1.68980013
1,17.1459598,1.26760046,run_007,3,20,605201774527127,0,605201774527127,1.32181778,2,settling,605201765849744,8.677383,0.111111111,0.0207570208,124,False,,22.9117647,no contact: insufficient optical evidence,0.0806882353,1.11979262,1.46931823,run_005,1.64533171
1,17.1794508,1.30109151,run_007,3,20,605201774527127,33.491048,605201808018175,0.954122712,2,waiting_for_target,605201805899304,2.118871,0.094017094,0.0207570208,124,False,,22.9117647,no contact: insufficient optical evidence,0.0806882353,0.907939962,1.46931823,run_005,1.33405274
1,17.2128461,1.33448683,run_007,3,20,605201774527127,66.886369,605201841413496,1.46185853,2,settling,605201835861123,5.552373,0.0891330891,0.0207570208,124,False,,22.9117647,no contact: insufficient optical evidence,0.0806882353,0.847410631,1.46931823,run_005,1.24511589
1,17.246207,1.3678477,run_007,3,20,605201974777721,100.003358,605201874774363,1.67134848,2,settling,605201865894465,8.879898,0.0915750916,0.0207570208,124,True,22.9117647,22.9117647,contact localized,0.0806882353,0.877675296,1.46931823,run_005,1.28958431
1,17.2795626,1.40120333,run_007,3,20,605201974777721,66.647732,605201908129989,1.87178615,2,settling,605201905843028,2.286961,0.0989010989,0.0207570208,124,True,22.9117647,22.9117647,contact localized,0.0806882353,0.968469292,1.46931823,run_005,1.42298958
1,17.3129377,1.43457838,run_007,3,20,605201974777721,33.27268,605201941505041,1.86866005,2,settling,605201936348092,5.156949,0.101343101,0.0207570208,124,True,22.9117647,22.9117647,contact localized,0.0806882353,0.998733958,1.46931823,run_005,1.46745801
1,17.3462103,1.46785106,run_007,3,20,605201974777721,0,605201974777721,1.59786742,2,settling,605201965866067,8.911654,0.103785104,0.0207570208,124,True,22.9117647,22.9117647,contact localized,0.0806882353,1.02899862,1.46931823,run_005,1.51192643
1,17.3795103,1.50115104,run_007,3,20,605201974777721,33.299979,605202008077700,1.73557958,2,settling,605202005861116,2.216584,0.0989010989,0.0207570208,124,True,22.9117647,22.9117647,contact localized,0.0806882353,0.968469292,1.46931823,run_005,1.42298958
1,17.412856,1.53449672,run_007,3,20,605201974777721,66.645662,605202041423383,1.7112412,2,settling,605202035837832,5.585551,0.103785104,0.0207570208,124,True,22.9117647,22.9117647,contact localized,0.0806882353,1.02899862,1.46931823,run_005,1.51192643
1,17.4462536,1.56789426,run_007,3,20,605201974777721,100.043206,605202074820927,1.84739532,2,settling,605202065840170,8.980757,0.101343101,0.0207570208,124,True,22.9117647,22.9117647,contact localized,0.0806882353,0.998733958,1.46931823,run_005,1.46745801
1,17.4795815,1.60122225,run_007,3,20,605202175020798,66.871886,605202108148912,1.77760692,2,recording,605202106020733,2.128179,0.106227106,0.0207570208,124,True,22.9117647,22.9117647,contact localized,0.0806882353,1.05926329,1.46931823,run_005,1.55639486
1,17.513019,1.63465969,run_007,3,20,605202175020798,33.434445,605202141586353,1.82204539,2,recording,605202135869193,5.71716,0.101343101,0.0207570208,124,True,22.9117647,22.9117647,contact localized,0.0806882353,0.998733958,1.46931823,run_005,1.46745801
1,17.5464534,1.66809414,run_007,3,20,605202175020798,0,605202175020798,2.14511247,2,recording,605202165857295,9.163503,0.0964590965,0.0207570208,124,True,22.9117647,22.9117647,contact localized,0.0806882353,0.938204627,1.46931823,run_005,1.37852116
1,17.5796084,1.70124914,run_007,3,20,605202175020798,33.155002,605202208175800,2.47583074,2,recording,605202205857360,2.31844,0.113553114,0.0207570208,124,True,22.9117647,22.9117647,contact localized,0.0806882353,1.15005728,1.46931823,run_005,1.68980013
1,17.6129961,1.73463681,run_007,3,20,605202175020798,66.542676,605202241563474,2.51957328,2,recording,605202235857171,5.706303,0.113553114,0.0207570208,124,True,22.9117647,22.9117647,contact localized,0.0806882353,1.15005728,1.46931823,run_005,1.68980013
1,17.64631,1.76795073,run_007,3,20,605202175020798,99.856596,605202274877394,2.5909061,2,recording,605202265863652,9.013742,0.115995116,0.0207570208,124,True,22.9117647,22.9117647,contact localized,0.0806882353,1.18032195,1.46931823,run_005,1.73426856
1,17.6797708,1.80141153,run_007,3,20,605202408342582,100.004393,605202308338189,2.52284433,2,recording,605202305843931,2.494258,0.118437118,0.0207570208,124,True,22.9117647,22.9117647,contact localized,0.0806882353,1.21058662,1.46931823,run_005,1.77873698
1,17.7134314,1.83507213,run_007,3,20,605202408342582,66.343786,605202341998796,2.67853721,2,recording,605202335858286,6.14051,0.118437118,0.0207570208,124,True,22.9117647,22.9117647,contact localized,0.0806882353,1.21058662,1.46931823,run_005,1.77873698
1,17.7464012,1.86804189,run_007,3,20,605202408342582,33.37403,605202374968552,2.9811426,2,waiting_for_target,605202365846053,9.122499,0.130647131,0.0207570208,124,True,22.9117647,22.9117647,contact localized,0.0806882353,1.36190994,1.46931823,run_005,2.0010791
1,17.7797752,1.90141592,run_007,3,20,605202408342582,0,605202408342582,2.73335146,5,waiting_for_target,605202405886105,2.456477,0.133089133,0.0207570208,124,True,22.9117647,22.9117647,contact localized,0.0806882353,1.39217461,1.46931823,run_005,2.04554753
1,17.8131236,1.93476433,run_007,3,20,605202408342582,33.34841,605202441690992,2.87218313,5,waiting_for_target,605202435853934,5.837058,0.133089133,0.0207570208,124,True,22.9117647,22.9117647,contact localized,0.0806882353,1.39217461,1.46931823,run_005,2.04554753
1,17.8464823,1.96812305,run_007,3,20,605202408342582,66.707127,605202475049709,3.01228575,5,waiting_for_target,605202465862217,9.187492,0.137973138,0.0207570208,124,True,22.9117647,22.9117647,contact localized,0.0806882353,1.45270394,1.46931823,run_005,2.13448438
1,17.8798188,2.00145947,run_007,3,20,605202408342582,100.043556,605202508386138,2.939048,5,waiting_for_target,605202505845297,2.540841,0.142857143,0.0207570208,124,True,22.9117647,22.9117647,contact localized,0.0806882353,1.51323327,1.46931823,run_005,2.22342123
1,17.9139508,2.03559154,run_007,3,20,605202608448789,65.93059,605202542518199,2.88085648,5,waiting_for_target,605202535849914,6.668285,0.135531136,0.0207570208,124,True,22.9117647,22.9117647,contact localized,0.0806882353,1.42243927,1.46931823,run_005,2.09001595
1,17.9469315,2.06857221,run_007,3,20,605202608448789,32.949912,605202575498877,2.81587376,5,waiting_for_target,605202565865265,9.633612,0.14041514,0.0207570208,124,True,22.9117647,22.9117647,contact localized,0.0806882353,1.4829686,1.46931823,run_005,2.1789528
1,17.9798814,2.10152213,run_007,3,20,605202608448789,0,605202608448789,2.82212025,5,waiting_for_target,605202605828567,2.620222,0.145299145,0.0207570208,124,True,22.9117647,22.9117647,contact localized,0.0806882353,1.54349793,1.46931823,run_005,2.26788965
1,18.0132649,2.13490557,run_007,3,20,605202608448789,33.383442,605202641832231,2.79986435,5,waiting_for_target,605202635863974,5.968257,0.142857143,0.0207570208,124,True,22.9117647,22.9117647,contact localized,0.0806882353,1.51323327,1.46931823,run_005,2.22342123
1,18.0466289,2.16826961,run_007,3,20,605202608448789,66.747481,605202675196270,3.21274703,5,waiting_for_target,605202665862657,9.333613,0.142857143,0.0207570208,124,True,22.9117647,22.9117647,contact localized,0.0806882353,1.51323327,1.46931823,run_005,2.22342123
1,18.0799919,2.2016326,run_007,3,20,605202808610992,100.051726,605202708559266,3.65379604,5,waiting_for_target,605202705850821,2.708445,0.157509158,0.0207570208,124,True,22.9117647,22.9117647,contact localized,0.0806882353,1.69482126,1.46931823,run_005,2.49023177
1,18.1141456,2.23578634,run_007,3,20,605202808610992,65.897993,605202742712999,4.62343459,5,settling,605202735887203,6.825796,0.216117216,0.0207570208,124,True,22.9117647,22.9117647,contact localized,0.0806882353,2.42117323,1.46931823,run_005,3.55747396
1,18.1466726,2.26831331,run_007,3,20,605202808610992,33.371021,605202775239971,5.58348319,5,settling,605202765861233,9.378738,0.286935287,0.0207570208,124,True,22.9117647,22.9117647,contact localized,0.0806882353,3.29884853,1.46931823,run_005,4.84705827
1,18.1800436,2.30168433,run_007,3,20,605202808610992,0,605202808610992,5.78130859,5,settling,605202805848909,2.762083,0.308913309,0.0207570208,124,True,22.9117647,22.9117647,contact localized,0.0806882353,3.57123052,1.46931823,run_005,5.24727409
1,18.2134026,2.33504333,run_007,3,20,605202808610992,33.359,605202841969992,5.69648408,5,settling,605202835858401,6.111591,0.306471306,0.0207570208,124,True,22.9117647,22.8725768,contact localized,0.0807274232,3.53924694,1.46931823,run_005,5.20028005
1,18.2468229,2.36846359,run_007,3,20,605202808610992,66.77926,605202875390252,5.45198906,5,settling,605202865862327,9.527925,0.306471306,0.0207570208,124,True,22.9117647,22.8333169,contact localized,0.0807666831,3.53752655,1.46931823,run_005,5.19775224
1,18.280089,2.40172968,run_007,3,20,605202808610992,100.045356,605202908656348,5.34477314,5,settling,605202905843586,2.812762,0.308913309,0.0207570208,124,True,22.9117647,22.7942381,contact localized,0.0808057619,3.5660364,1.46931823,run_005,5.23964228
1,18.3144574,2.43609813,run_007,3,20,605203008906828,65.882033,605202943024795,5.36902564,5,settling,605202935864042,7.160753,0.308913309,0.0207570208,124,True,22.6764706,22.7538644,contact localized,0.0808461356,3.56425556,1.46931823,run_005,5.23702566
1,18.3468336,2.46847431,run_007,3,20,605203008906828,33.505853,605202975400975,5.1512131,5,settling,605202965857170,9.543805,0.306471306,0.0207570208,124,True,22.6764706,22.715831,contact localized,0.080884169,3.53238822,1.46931823,run_005,5.1902024
1,18.3803395,2.50198016,run_007,3,20,605203008906828,0,605203008906828,5.30061563,5,recording,605203005860976,3.045852,0.308913309,0.0207570208,124,True,22.6764706,22.6764706,contact localized,0.0809235294,3.56084677,1.46931823,run_005,5.23201706
1,18.4135727,2.53521339,run_007,3,20,605203008906828,33.233224,605203042140052,5.36930531,5,recording,605203035855571,6.284481,0.308913309,0.0207570208,124,True,22.6764706,22.6764706,contact localized,0.0809235294,3.56084677,1.46931823,run_005,5.23201706
1,18.4469204,2.56856116,run_007,3,20,605203008906828,66.580991,605203075487819,5.51899415,5,recording,605203066221214,9.266605,0.308913309,0.0207570208,124,True,22.6764706,22.6764706,contact localized,0.0809235294,3.56084677,1.46931823,run_005,5.23201706
1,18.4806056,2.6022463,run_007,3,20,605203008906828,100.26613,605203109172958,5.39329375,5,recording,605203105855101,3.317857,0.308913309,0.0207570208,124,True,22.6764706,22.6764706,contact localized,0.0809235294,3.56084677,1.46931823,run_005,5.23201706
1,18.5144832,2.63612388,run_007,3,20,605203242236316,99.185771,605203143050545,5.3255033,5,recording,605203135857263,7.193282,0.306471306,0.0207570208,124,True,22.6764706,22.6764706,contact localized,0.0809235294,3.5306701,1.46931823,run_005,5.18767794
1,18.5469818,2.66862247,run_007,3,20,605203242236316,66.687182,605203175549134,5.34755187,5,recording,605203165861201,9.687933,0.311355311,0.0207570208,124,True,22.6764706,22.6764706,contact localized,0.0809235294,3.59102344,1.46931823,run_005,5.27635619
1,18.5803107,2.70195137,run_007,3,20,605203242236316,33.358279,605203208878037,5.28122345,5,recording,605203205841324,3.036713,0.308913309,0.0207570208,124,True,22.6764706,22.6764706,contact localized,0.0809235294,3.56084677,1.46931823,run_005,5.23201706
1,18.6136689,2.73530965,run_007,3,20,605203242236316,0,605203242236316,5.36945449,5,recording,605203236118694,6.117622,0.308913309,0.0207570208,124,True,22.6764706,22.6764706,contact localized,0.0809235294,3.56084677,1.46931823,run_005,5.23201706
1,18.6472668,2.76890749,run_007,3,20,605203242236316,33.597836,605203275834152,5.39325462,5,waiting_for_target,605203265828186,10.005966,0.306471306,0.0207570208,124,True,22.6764706,22.6764706,contact localized,0.0809235294,3.5306701,1.46931823,run_005,5.18767794
1,18.6804133,2.80205398,run_007,3,20,605203242236316,66.74433,605203308980646,5.40999728,10,waiting_for_target,605203305830386,3.15026,0.308913309,0.0207570208,124,True,22.6764706,22.6764706,contact localized,0.0809235294,3.56084677,1.46931823,run_005,5.23201706
1,18.7137744,2.83541516,run_007,3,20,605203442392432,100.050611,605203342341821,5.57018839,10,waiting_for_target,605203335861223,6.480598,0.308913309,0.0207570208,124,True,22.6764706,22.6764706,contact localized,0.0809235294,3.56084677,1.46931823,run_005,5.23201706
1,18.7471343,2.86877499,run_007,3,20,605203442392432,66.690779,605203375701653,5.61419068,10,waiting_for_target,605203365848852,9.852801,0.306471306,0.0207570208,124,True,22.6764706,22.6764706,contact localized,0.0809235294,3.5306701,1.46931823,run_005,5.18767794
1,18.8138251,2.93546577,run_007,3,20,605203442392432,0,605203442392432,5.88972389,10,waiting_for_target,605203435865170,6.527262,0.308913309,0.0207570208,124,True,22.6764706,22.6764706,contact localized,0.0809235294,3.56084677,1.46931823,run_005,5.23201706
1,18.8471801,2.96882081,run_007,3,20,605203442392432,33.355045,605203475747477,6.22263662,10,waiting_for_target,605203465846065,9.901412,0.318681319,0.0207570208,124,True,22.6764706,22.6764706,contact localized,0.0809235294,3.68155344,1.46931823,run_005,5.40937357
1,18.8805066,3.00214735,run_007,3,20,605203442392432,66.68158,605203509074012,6.51512471,10,waiting_for_target,605203505830902,3.24311,0.330891331,0.0207570208,124,True,22.6764706,22.6764706,contact localized,0.0809235294,3.83243678,1.46931823,run_005,5.63106921
1,18.9139528,3.03559346,run_007,3,20,605203642582790,100.062662,605203542520128,7.26819227,10,waiting_for_target,605203535850500,6.669628,0.355311355,0.0207570208,124,True,22.6764706,22.6764706,contact localized,0.0809235294,4.13420345,1.46931823,run_005,6.07446049
1,18.9480015,3.06964225,run_007,3,20,605203642582790,66.013881,605203576568909,8.2121864,10,waiting_for_target,605203575951459,0.61745,0.443223443,0.0207570208,124,True,22.6764706,22.6764706,contact localized,0.0809235294,5.22056348,1.46931823,run_005,7.67066908
1,18.9805967,3.10223737,run_007,3,20,605203642582790,33.418761,605203609164029,8.68965153,10,waiting_for_target,605203605845482,3.318547,0.47985348,0.0207570208,124,True,22.6764706,22.6764706,contact localized,0.0809235294,5.67321349,1.46931823,run_005,8.335756
1,19.0140154,3.13565613,run_007,3,20,605203642582790,0,605203642582790,8.56026622,10,waiting_for_target,605203635858962,6.723828,0.494505495,0.0207570208,124,True,22.6764706,22.6764706,contact localized,0.0809235294,5.8542735,1.46931823,run_005,8.60179077
1,19.0473758,3.16901649,run_007,3,20,605203642582790,33.360365,605203675943155,8.74053197,10,waiting_for_target,605203675894313,0.048842,0.496947497,0.0207570208,124,True,22.6764706,22.6372429,contact localized,0.0809627571,5.88159906,1.46931823,run_005,8.64194071
1,19.0806859,3.20232658,run_007,3,20,605203642582790,66.670452,605203709253242,8.97672285,10,waiting_for_target,605203705857621,3.395621,0.506715507,0.0207570208,124,True,22.6764706,22.5980743,contact localized,0.0810019257,5.99934485,1.46931823,run_005,8.81494674
1,19.1140626,3.2357033,run_007,3,20,605203642582790,100.047177,605203742629967,9.15326774,10,settling,605203735834158,6.795809,0.518925519,0.0207570208,124,True,22.6764706,22.5588273,contact localized,0.0810411727,6.14710377,1.46931823,run_005,9.03205162
1,19.1473796,3.2690203,run_007,3,20,605203842683533,66.736572,605203775946961,9.57073246,10,settling,605203775878744,0.068217,0.536019536,0.0207570208,124,True,22.4411765,22.5196506,invalid: response is spatially diffuse,0.0810803494,6.3549617,1.46931823,run_005,9.33746106
1,19.1809248,3.3025655,run_007,3,20,605203842683533,33.191374,605203809492159,10.0362764,10,settling,605203805855212,3.636947,0.594627595,0.0207570208,124,True,22.4411765,22.4802055,invalid: response is spatially diffuse,0.0811197945,7.07435931,1.46931823,run_005,10.3944851
1,19.2141162,3.33575687,run_007,3,20,605203842683533,0,605203842683533,10.0590655,10,settling,605203835877549,6.805984,0.606837607,0.0207570208,124,True,22.4411765,22.4411765,invalid: response is spatially diffuse,0.0811588235,7.22140318,1.46931823,run_005,10.6105393
1,19.2476688,3.36930951,run_007,3,20,605203842683533,33.552639,605203876236172,10.1780266,10,settling,605203875839009,0.397163,0.619047619,0.0207570208,124,True,22.4411765,22.4411765,invalid: response is spatially diffuse,0.0811588235,7.37184908,1.46931823,run_005,10.8315922
1,19.2808583,3.402499,run_007,3,20,605203842683533,66.742134,605203909425667,10.4332476,10,settling,605203905845474,3.580193,0.609279609,0.0207570208,124,True,22.4411765,22.4411765,invalid: response is spatially diffuse,0.0811588235,7.25149236,1.46931823,run_005,10.6547499
1,19.3141984,3.43583916,run_007,3,20,605203842683533,100.082289,605203942765822,10.17211,10,settling,605203935869667,6.896155,0.614163614,0.0207570208,124,True,22.4411765,22.4411765,invalid: response is spatially diffuse,0.0811588235,7.31167072,1.46931823,run_005,10.7431711
1,19.347628,3.46926868,run_007,3,20,605204042917819,66.722476,605203976195343,10.2257715,10,settling,605203975870719,0.324624,0.626373626,0.0207570208,124,True,22.4411765,22.4411765,invalid: response is spatially diffuse,0.0811588235,7.46211662,1.46931823,run_005,10.964224
1,19.3811255,3.50276618,run_007,3,20,605204042917819,33.224976,605204009692843,10.2635825,10,recording,605204005875782,3.817061,0.626373626,0.0207570208,124,True,22.4411765,22.4411765,invalid: response is spatially diffuse,0.0811588235,7.46211662,1.46931823,run_005,10.964224
1,19.4143504,3.53599116,run_007,3,20,605204042917819,0,605204042917819,10.2102199,10,recording,605204035869712,7.048107,0.616605617,0.0207570208,124,True,22.4411765,22.4411765,invalid: response is spatially diffuse,0.0811588235,7.3417599,1.46931823,run_005,10.7873816
1,19.4476358,3.56927655,run_007,3,20,605204042917819,33.285393,605204076203212,10.2612607,10,recording,605204075850519,0.352693,0.626373626,0.0207570208,124,True,22.4411765,22.4411765,invalid: response is spatially diffuse,0.0811588235,7.46211662,1.46931823,run_005,10.964224
1,19.4809873,3.60262802,run_007,3,20,605204042917819,66.636863,605204109554682,10.4366868,10,recording,605204105831468,3.723214,0.621489621,0.0207570208,124,True,22.4411765,22.4411765,invalid: response is spatially diffuse,0.0811588235,7.40193826,1.46931823,run_005,10.8758028
1,19.5143501,3.63599076,run_007,3,20,605204042917819,99.999608,605204142917427,10.1046304,10,recording,605204135891009,7.026418,0.619047619,0.0207570208,124,True,22.4411765,22.4411765,invalid: response is spatially diffuse,0.0811588235,7.37184908,1.46931823,run_005,10.8315922
1,19.5477218,3.66936254,run_007,3,20,605204243017712,66.728509,605204176289203,10.0165918,10,recording,605204176232655,0.056548,0.616605617,0.0207570208,124,True,22.4411765,22.4411765,invalid: response is spatially diffuse,0.0811588235,7.3417599,1.46931823,run_005,10.7873816
1,19.5813003,3.70294102,run_007,3,20,605204243017712,33.150033,605204209867679,9.99360968,10,recording,605204205849958,4.017721,0.623931624,0.0207570208,124,True,22.4411765,22.4411765,invalid: response is spatially diffuse,0.0811588235,7.43202744,1.46931823,run_005,10.9200134
1,19.6144503,3.73609105,run_007,3,20,605204243017712,0,605204243017712,10.0892767,10,recording,605204235867797,7.149915,0.628815629,0.0207570208,124,True,22.4411765,22.4411765,invalid: response is spatially diffuse,0.0811588235,7.4922058,1.46931823,run_005,11.0084345
1,19.681107,3.80274772,run_007,3,20,605204243017712,66.656674,605204309674386,10.0014193,10,waiting_for_target,605204305847176,3.82721,0.628815629,0.0207570208,124,True,22.4411765,22.4411765,invalid: response is spatially diffuse,0.0811588235,7.4922058,1.46931823,run_005,11.0084345
1,19.7145252,3.8361659,run_007,3,20,605204443130298,100.037733,605204343092565,10.0155226,15,waiting_for_target,605204335855837,7.236728,0.621489621,0.0207570208,124,True,22.4411765,22.4411765,invalid: response is spatially diffuse,0.0811588235,7.40193826,1.46931823,run_005,10.8758028
1,19.7478265,3.86946721,run_007,3,20,605204443130298,66.736421,605204376393877,10.1417443,15,waiting_for_target,605204375874692,0.519185,0.626373626,0.0207570208,124,True,22.4411765,22.4411765,invalid: response is spatially diffuse,0.0811588235,7.46211662,1.46931823,run_005,10.964224
1,19.781169,3.90280974,run_007,3,20,605204443130298,33.39389,605204409736408,10.5775698,15,waiting_for_target,605204405851709,3.884699,0.621489621,0.0207570208,124,True,22.4411765,22.4411765,invalid: response is spatially diffuse,0.0811588235,7.40193826,1.46931823,run_005,10.8758028
1,19.8145629,3.93620364,run_007,3,20,605204443130298,0,605204443130298,10.8621258,15,waiting_for_target,605204435937564,7.192734,0.626373626,0.0207570208,124,True,22.4411765,22.4411765,invalid: response is spatially diffuse,0.0811588235,7.46211662,1.46931823,run_005,10.964224
1,19.8479779,3.96961861,run_007,3,20,605204443130298,33.414974,605204476545272,11.1561095,15,waiting_for_target,605204475879283,0.665989,0.626373626,0.0207570208,124,True,22.4411765,22.2056439,invalid: response is spatially diffuse,0.0813943561,7.44052333,1.46931823,run_005,10.9324966
1,19.8812607,4.0029014,run_007,3,20,605204443130298,66.697766,605204509828064,11.323522,15,waiting_for_target,605204505848989,3.979075,0.648351648,0.0207570208,124,True,22.4411765,21.971043,invalid: response is spatially diffuse,0.081628957,7.68838229,1.46931823,run_005,11.2966802
1,19.9148011,4.03644185,run_007,3,20,605204643417136,100.048622,605204543368514,12.4382188,15,waiting_for_target,605204535868259,7.500255,0.658119658,0.0207570208,124,True,21.0294118,21.7346259,invalid: response is spatially diffuse,0.0818653741,7.78549716,1.46931823,run_005,11.4393729
1,19.948143,4.06978372,run_007,3,20,605204643417136,66.706752,605204576710384,13.1306139,15,waiting_for_target,605204575871237,0.839147,0.748473748,0.0207570208,124,True,21.0294118,21.4996086,invalid: response is spatially diffuse,0.0821003914,8.86374249,1.46931823,run_005,13.0236584
1,19.9815048,4.10314555,run_007,3,20,605204643417136,33.344926,605204610072210,14.2059945,15,settling,605204605845854,4.226356,0.80952381,0.0207570208,124,True,21.0294118,21.2644506,invalid: response is spatially diffuse,0.0823355494,9.57990558,1.46931823,run_005,14.0759299
1,20.0148498,4.13649047,run_007,3,20,605204643417136,0,605204643417136,14.9437193,15,settling,605204635857763,7.559373,0.846153846,0.0207570208,124,True,21.0294118,21.0294118,invalid: response is spatially diffuse,0.0825705882,9.99625706,1.46931823,run_005,14.6876827
1,20.0482115,4.16985223,run_007,3,20,605204643417136,33.361761,605204676778897,14.5592423,15,settling,605204675877375,0.901522,0.863247863,0.0207570208,124,True,21.0294118,21.0294118,invalid: response is spatially diffuse,0.0825705882,10.2032801,1.46931823,run_005,14.9918655
1,20.081611,4.20325174,run_007,3,20,605204643417136,66.761266,605204710178402,14.394914,15,settling,605204705822501,4.355901,0.848595849,0.0207570208,124,True,21.0294118,21.0294118,invalid: response is spatially diffuse,0.0825705882,10.0258318,1.46931823,run_005,14.7311374
1,20.1150345,4.23667524,run_007,3,20,605204843659649,100.057742,605204743601907,14.4345206,15,settling,605204735860721,7.741186,0.855921856,0.0207570208,124,True,21.0294118,21.0294118,invalid: response is spatially diffuse,0.0825705882,10.114556,1.46931823,run_005,14.8615014
1,20.1483261,4.26996685,run_007,3,20,605204843659649,66.766137,605204776893512,14.7890013,15,settling,605204775859200,1.034312,0.851037851,0.0207570208,124,True,21.0294118,21.0294118,invalid: response is spatially diffuse,0.0825705882,10.0554065,1.46931823,run_005,14.7745921
1,20.1816843,4.30332506,run_007,3,20,605204843659649,33.407926,605204810251723,14.8300313,15,settling,605204805859791,4.391932,0.855921856,0.0207570208,124,True,21.0294118,21.0294118,invalid: response is spatially diffuse,0.0825705882,10.114556,1.46931823,run_005,14.8615014
1,20.2150923,4.33673299,run_007,3,20,605204843659649,0,605204843659649,14.8587306,15,settling,605204835871473,7.788176,0.855921856,0.0207570208,124,True,21.0294118,21.0294118,invalid: response is spatially diffuse,0.0825705882,10.114556,1.46931823,run_005,14.8615014
1,20.2483721,4.37001281,run_007,3,20,605204843659649,33.279828,605204876939477,15.1006609,15,recording,605204875865898,1.073579,0.858363858,0.0207570208,124,True,21.0294118,21.0294118,invalid: response is spatially diffuse,0.0825705882,10.1441307,1.46931823,run_005,14.9049561
1,20.2818527,4.40349342,run_007,3,20,605204843659649,66.760432,605204910420081,15.2827529,15,recording,605204905849542,4.570539,0.868131868,0.0207570208,124,True,21.0294118,21.0294118,invalid: response is spatially diffuse,0.0825705882,10.2624296,1.46931823,run_005,15.0787748
1,20.3151709,4.43681162,run_007,3,20,605204843659649,100.078635,605204943738284,15.5371023,15,recording,605204935861207,7.877077,0.887667888,0.0207570208,124,True,21.0294118,21.0294118,invalid: response is spatially diffuse,0.0825705882,10.4990274,1.46931823,run_005,15.4264123
1,20.3487208,4.4703615,run_007,3,20,605205043833814,66.545653,605204977288161,15.9546751,15,recording,605204975875272,1.412889,0.914529915,0.0207570208,124,True,21.0294118,21.0294118,invalid: response is spatially diffuse,0.0825705882,10.8243494,1.46931823,run_005,15.9044138
1,20.3819488,4.50358954,run_007,3,20,605205043833814,33.317612,605205010516202,16.062527,15,recording,605205005852478,4.663724,0.936507937,0.0207570208,124,True,21.0294118,21.0294118,invalid: response is spatially diffuse,0.0825705882,11.0905219,1.46931823,run_005,16.295506
1,20.4152664,4.53690715,run_007,3,20,605205043833814,0,605205043833814,16.1425001,15,recording,605205035943499,7.890315,0.943833944,0.0207570208,124,True,21.0294118,21.0294118,invalid: response is spatially diffuse,0.0825705882,11.1792461,1.46931823,run_005,16.42587
1,20.448509,4.57014976,run_007,3,20,605205043833814,33.242605,605205077076419,16.247324,15,recording,605205075917569,1.15885,0.948717949,0.0207570208,124,True,21.0294118,21.0294118,invalid: response is spatially diffuse,0.0825705882,11.2383955,1.46931823,run_005,16.5127794
1,20.4818927,4.60353343,run_007,3,20,605205043833814,66.626283,605205110460097,15.8336922,15,recording,605205105850275,4.609822,0.958485958,0.0207570208,124,True,21.0294118,21.0294118,invalid: response is spatially diffuse,0.0825705882,11.3566944,1.46931823,run_005,16.6865981
1,20.5156747,4.63731544,run_007,3,20,605205243922199,99.6801,605205144242099,15.4476597,15,waiting_for_target,605205136345859,7.89624,0.948717949,0.0207570208,124,True,21.0294118,21.0294118,invalid: response is spatially diffuse,0.0825705882,11.2383955,1.46931823,run_005,16.5127794
1,20.5485625,4.67020324,run_007,3,20,605205243922199,66.792296,605205177129903,15.3424854,20,waiting_for_target,605205175862512,1.267391,0.958485958,0.0207570208,124,True,21.0294118,21.0294118,invalid: response is spatially diffuse,0.0825705882,11.3566944,1.46931823,run_005,16.6865981
1,20.5820208,4.70366152,run_007,3,20,605205243922199,33.334021,605205210588178,15.1496885,20,waiting_for_target,605205205848640,4.739538,0.958485958,0.0207570208,124,True,21.0294118,21.0294118,invalid: response is spatially diffuse,0.0825705882,11.3566944,1.46931823,run_005,16.6865981
1,20.6153548,4.73699554,run_007,3,20,605205243922199,0,605205243922199,15.2734921,20,waiting_for_target,605205235964065,7.958134,0.968253968,0.0207570208,124,True,21.0294118,21.0294118,invalid: response is spatially diffuse,0.0825705882,11.4749933,1.46931823,run_005,16.8604168
1,20.6487332,4.7703739,run_007,3,20,605205243922199,33.378363,605205277300562,15.2402322,20,waiting_for_target,605205275874845,1.425717,0.951159951,0.0207570208,124,True,21.0294118,21.0294118,invalid: response is spatially diffuse,0.0825705882,11.2679702,1.46931823,run_005,16.5562341
1,20.6824413,4.80408201,run_007,3,20,605205243922199,67.086474,605205311008673,15.2968525,20,waiting_for_target,605205305921084,5.087589,0.958485958,0.0207570208,124,True,21.0294118,21.0294118,invalid: response is spatially diffuse,0.0825705882,11.3566944,1.46931823,run_005,16.6865981
1,20.715598,4.83723874,run_007,3,20,605205443995717,99.830313,605205344165404,15.3474479,20,waiting_for_target,605205335915578,8.249826,0.951159951,0.0207570208,124,True,21.0294118,21.0294118,invalid: response is spatially diffuse,0.0825705882,11.2679702,1.46931823,run_005,16.5562341
1,20.7487192,4.87035993,run_007,3,20,605205443995717,66.709124,605205377286593,15.3460972,20,waiting_for_target,605205375889157,1.397436,0.948717949,0.0207570208,124,True,21.0294118,21.0294118,invalid: response is spatially diffuse,0.0825705882,11.2383955,1.46931823,run_005,16.5127794
1,20.7821677,4.90380843,run_007,3,20,605205443995717,33.260628,605205410735089,15.2191386,20,waiting_for_target,605205405844683,4.890406,0.960927961,0.0207570208,124,True,21.0294118,21.0294118,invalid: response is spatially diffuse,0.0825705882,11.3862691,1.46931823,run_005,16.7300528
1,20.8154283,4.93706905,run_007,3,20,605205443995717,0,605205443995717,15.8466566,20,waiting_for_target,605205435874324,8.121393,0.951159951,0.0207570208,124,True,21.0294118,21.0294118,invalid: response is spatially diffuse,0.0825705882,11.2679702,1.46931823,run_005,16.5562341
1,20.8488857,4.97052643,run_007,3,20,605205443995717,33.457376,605205477453093,16.2172368,20,waiting_for_target,605205475880554,1.572539,0.963369963,0.0207570208,124,True,21.0294118,21.0294118,invalid: response is spatially diffuse,0.0825705882,11.4158439,1.46931823,run_005,16.7735075
1,20.8822841,5.00392485,run_007,3,20,605205443995717,66.855792,605205510851509,16.7428249,20,waiting_for_target,605205505846505,5.005004,0.968253968,0.0207570208,124,True,21.0294118,21.0294118,invalid: response is spatially diffuse,0.0825705882,11.4749933,1.46931823,run_005,16.8604168
1,20.9155856,5.0372263,run_007,3,20,605205644163268,100.010303,605205544152965,17.4562311,20,waiting_for_target,605205535851776,8.301189,0.968253968,0.0207570208,124,True,21.0294118,21.0294118,invalid: response is spatially diffuse,0.0825705882,11.4749933,1.46931823,run_005,16.8604168
1,20.9488554,5.07049613,run_007,3,20,605205644163268,66.74047,605205577422798,18.1731973,20,settling,605205575851322,1.571476,0.992673993,0.0207570208,124,True,21.0294118,21.0294118,invalid: response is spatially diffuse,0.0825705882,11.7707406,1.46931823,run_005,17.2949637
1,21.0155959,5.13723661,run_007,3,20,605205644163268,0,605205644163268,18.8269838,20,settling,605205635917537,8.245731,1.04395604,0.0207570208,124,True,21.0294118,21.0294118,invalid: response is spatially diffuse,0.0825705882,12.3918098,1.46931823,run_005,18.207512
1,21.0490774,5.17071813,run_007,3,20,605205644163268,33.481528,605205677644796,19.0571787,20,settling,605205675882807,1.761989,1.1025641,0.0207570208,124,True,21.0294118,21.0294118,invalid: response is spatially diffuse,0.0825705882,13.1016032,1.46931823,run_005,19.2504244
1,21.082311,5.2039517,run_007,3,20,605205644163268,66.715099,605205710878367,19.5093865,20,settling,605205705844786,5.033581,1.13675214,0.0207570208,124,True,21.0294118,21.0294118,invalid: response is spatially diffuse,0.0825705882,13.5156493,1.46931823,run_005,19.8587899
1,21.1156965,5.23733721,run_007,3,20,605205644163268,100.100607,605205744263875,19.5341267,20,settling,605205735856615,8.40726,1.15384615,0.0207570208,124,True,21.0294118,21.0294118,invalid: response is spatially diffuse,0.0825705882,13.7226724,1.46931823,run_005,20.1629727
1,21.1823645,5.3040052,run_007,3,20,605205844581422,33.649563,605205810931859,19.8690166,20,settling,605205805840671,5.091188,1.16117216,0.0207570208,124,True,21.0294118,21.0294118,invalid: response is spatially diffuse,0.0825705882,13.8113966,1.46931823,run_005,20.2933368
1,21.216014,5.33765476,run_007,3,20,605205844581422,0,605205844581422,19.8218739,20,recording,605205835890050,8.691372,1.16117216,0.0207570208,124,True,21.0294118,21.0294118,invalid: response is spatially diffuse,0.0825705882,13.8113966,1.46931823,run_005,20.2933368
1,21.2491586,5.37079928,run_007,3,20,605205844581422,33.144517,605205877725939,20.0383825,20,recording,605205875853340,1.872599,1.15873016,0.0207570208,124,True,21.0294118,21.0294118,invalid: response is spatially diffuse,0.0825705882,13.7818219,1.46931823,run_005,20.2498821
1,21.2828408,5.40448156,run_007,3,20,605205844581422,66.826798,605205911408220,20.1316649,20,recording,605205905805785,5.602435,1.16117216,0.0207570208,124,True,21.0294118,21.0294118,invalid: response is spatially diffuse,0.0825705882,13.8113966,1.46931823,run_005,20.2933368
1,21.3158449,5.43748561,run_007,3,20,605205844581422,99.830851,605205944412273,19.8209287,20,recording,605205935907915,8.504358,1.16849817,0.0207570208,124,True,21.0294118,21.0294118,invalid: response is spatially diffuse,0.0825705882,13.9001208,1.46931823,run_005,20.4237008
1,21.3491632,5.47080387,run_007,3,20,605206077640943,99.910405,605205977730538,20.1628505,20,recording,605205975867174,1.863364,1.16605617,0.0207570208,124,True,21.0294118,21.0294118,invalid: response is spatially diffuse,0.0825705882,13.870546,1.46931823,run_005,20.3802461
1,21.415781,5.53742171,run_007,3,20,605206077640943,33.292569,605206044348374,20.2576161,20,recording,605206035882452,8.465922,1.17338217,0.0207570208,124,True,21.0294118,21.0294118,invalid: response is spatially diffuse,0.0825705882,13.9592702,1.46931823,run_005,20.5106102
1,21.4490736,5.57071428,run_007,3,20,605206077640943,0,605206077640943,20.6759066,20,recording,605206075849377,1.791566,1.17094017,0.0207570208,124,True,21.0294118,21.0294118,invalid: response is spatially diffuse,0.0825705882,13.9296955,1.46931823,run_005,20.4671555
1,21.4824388,5.60407953,run_007,3,20,605206077640943,33.365248,605206111006191,20.4215269,20,release,605206105849029,5.157162,1.17826618,0.0207570208,124,True,21.0294118,21.0294118,invalid: response is spatially diffuse,0.0825705882,14.0184197,1.46931823,run_005,20.5975195
1,21.5158544,5.63749514,run_007,3,20,605206077640943,66.780857,605206144421800,20.7224816,,release,605206135865296,8.556504,1.18315018,0.0207570208,124,True,21.0294118,21.0294118,invalid: response is spatially diffuse,0.0825705882,14.0775691,1.46931823,run_005,20.6844289
1,21.5491279,5.67076865,run_007,3,20,605206077640943,100.054369,605206177695312,20.9046919,,release,605206176221400,1.473912,1.19047619,0.0207570208,124,True,21.0294118,21.0294118,invalid: response is spatially diffuse,0.0825705882,14.1662933,1.46931823,run_005,20.8147929
1,21.5824928,5.70413355,run_007,3,20,605206277779181,66.718964,605206211060217,20.7276469,,release,605206205837960,5.222257,1.2002442,0.0207570208,124,True,21.0294118,21.0294118,invalid: response is spatially diffuse,0.0825705882,14.2845922,1.46931823,run_005,20.9886117
1,21.6160672,5.73770789,run_007,3,20,605206277779181,33.14463,605206244634551,20.51082,,release,605206235871944,8.762607,1.1953602,0.0207570208,124,True,21.0294118,21.0294118,invalid: response is spatially diffuse,0.0825705882,14.2254427,1.46931823,run_005,20.9017023
1,21.6492118,5.77085252,run_007,3,20,605206277779181,0,605206277779181,20.6657349,,release,605206275889131,1.89005,1.1978022,0.0207570208,124,True,21.0294118,21.0294118,invalid: response is spatially diffuse,0.0825705882,14.2550175,1.46931823,run_005,20.945157
1,21.6825791,5.80421983,run_007,3,20,605206277779181,33.367308,605206311146489,20.3083423,,release,605206305856598,5.289891,1.1978022,0.0207570208,124,True,21.0294118,21.0294118,invalid: response is spatially diffuse,0.0825705882,14.2550175,1.46931823,run_005,20.945157
1,21.7160092,5.83764987,run_007,3,20,605206277779181,66.797351,605206344576532,20.3561208,,release,605206336211689,8.364843,1.2026862,0.0207570208,124,True,21.0294118,21.0294118,invalid: response is spatially diffuse,0.0825705882,14.3141669,1.46931823,run_005,21.0320664
1,21.7494292,5.87106988,run_007,3,20,605206477921860,99.925314,605206377996546,19.8603263,,release,605206375882556,2.11399,1.1978022,0.0207570208,124,True,21.0294118,21.0294118,invalid: response is spatially diffuse,0.0825705882,14.2550175,1.46931823,run_005,20.945157
1,21.7826904,5.90433113,run_007,3,20,605206477921860,66.664068,605206411257792,19.4828866,,release,605206405835586,5.422206,1.2026862,0.0207570208,124,True,21.0294118,21.0294118,invalid: response is spatially diffuse,0.0825705882,14.3141669,1.46931823,run_005,21.0320664
1,21.8163009,5.9379416,run_007,3,20,605206477921860,33.053597,605206444868263,18.983734,,release,605206435875414,8.992849,1.20512821,0.0207570208,124,True,21.0294118,21.0294118,invalid: response is spatially diffuse,0.0825705882,14.3437416,1.46931823,run_005,21.075521
1,21.8493545,5.9709952,run_007,3,20,605206477921860,0,605206477921860,18.1787301,,release,605206475862241,2.059619,1.1978022,0.0207570208,124,True,21.0294118,21.0294118,invalid: response is spatially diffuse,0.0825705882,14.2550175,1.46931823,run_005,20.945157
1,21.8827476,6.00438836,run_007,3,20,605206477921860,33.393163,605206511315023,16.8715445,,release,605206505849678,5.465345,1.2026862,0.0207570208,124,True,21.0294118,20.9901649,invalid: response is spatially diffuse,0.0826098351,14.3073664,1.46931823,run_005,21.0220743
1,21.916315,6.0379557,run_007,3,20,605206477921860,66.960504,605206544882364,15.7177166,,release,605206535913424,8.96894,1.18803419,0.0207570208,124,True,21.0294118,20.9507132,invalid: response is spatially diffuse,0.0826492868,14.1232576,1.46931823,run_005,20.7515598
1,21.9494948,6.07113551,run_007,3,20,605206678121430,100.059253,605206578062177,14.7780683,,release,605206575862451,2.199726,1.15873016,0.0207570208,124,True,20.7941176,20.9117171,invalid: response is spatially diffuse,0.0826882829,13.7622054,1.46931823,run_005,20.2210593
1,21.9832657,6.10490636,run_007,3,20,605206678121430,66.288406,605206611833024,13.3714581,,release,605206605840010,5.993014,1.10500611,0.0207570208,124,True,20.7941176,20.8720263,invalid: response is spatially diffuse,0.0827279737,13.1061966,1.46931823,run_005,19.2571735
1,22.0171313,6.13877198,run_007,3,20,605206678121430,32.422784,605206645698646,11.6491127,,release,605206635938436,9.76021,0.973137973,0.0207570208,124,True,20.7941176,20.8322241,invalid: response is spatially diffuse,0.0827677759,11.5066636,1.46931823,run_005,16.9069505
1,22.0495541,6.17119477,run_007,3,20,605206678121430,0,605206678121430,10.3867011,,release,605206675867358,2.254072,0.868131868,0.0207570208,124,True,20.7941176,20.7941176,invalid: response is spatially diffuse,0.0828058824,10.2332687,1.46931823,run_005,15.0359283
1,22.0830612,6.20470192,run_007,3,20,605206678121430,33.507151,605206711628581,8.74370491,,release,605206705857960,5.770621,0.78021978,0.0207570208,124,True,20.7941176,20.833509,invalid: response is spatially diffuse,0.082766491,9.17596904,1.46931823,run_005,13.4824186
1,22.1164061,6.23804681,run_007,3,20,605206678121430,66.85204,605206744973470,7.67660668,,release,605206735914421,9.059049,0.655677656,0.0207570208,124,True,20.7941176,20.8727095,invalid: response is spatially diffuse,0.0827272905,7.67486317,1.46931823,run_005,11.2768164
1,22.1496094,6.27125008,run_007,3,20,605206678121430,100.055308,605206778176738,6.70343627,,release,605206775880720,2.296018,0.614163614,0.0207570208,124,True,20.7941176,20.9117436,invalid: response is spatially diffuse,0.0826882564,7.17643132,1.46931823,run_005,10.5444614
1,22.1829404,6.30458108,run_007,3,20,605206878267976,66.760234,605206811507742,5.89480656,,release,605206805836949,5.670793,0.548229548,0.0207570208,124,True,21.0294118,20.9509278,invalid: response is spatially diffuse,0.0826490722,6.3820744,1.46931823,run_005,9.37729824
1,22.2163171,6.3379578,run_007,3,20,605206878267976,33.383515,605206844884461,4.77671472,,release,605206835860347,9.024114,0.457875458,0.0207570208,124,True,21.0294118,20.9901658,invalid: response is spatially diffuse,0.0826098342,5.29136078,1.46931823,run_005,7.77469285
1,22.2497006,6.37134131,run_007,3,20,605206878267976,0,605206878267976,3.81679862,,release,605206875894422,2.373554,0.345543346,0.0207570208,124,True,21.0294118,21.0294118,invalid: response is spatially diffuse,0.0825705882,3.93343843,1.46931823,run_005,5.77947278
1,22.2830098,6.40465053,run_007,3,20,605206878267976,33.309215,605206911577191,2.67729675,,release,605206905872458,5.704733,0.274725275,0.0207570208,124,True,21.0294118,21.0294118,invalid: response is spatially diffuse,0.0825705882,3.0757714,1.46931823,run_005,4.51928699
1,22.3164626,6.43810329,run_007,3,20,605206878267976,66.761979,605206945029955,1.9926924,,release,605206935896766,9.133189,0.218559219,0.0207570208,124,True,21.0294118,21.0294118,invalid: response is spatially diffuse,0.0825705882,2.39555273,1.46931823,run_005,3.51982929
1,22.3498256,0,run_008,4,30,605215651335999,0,605215651335999,0.641709311,2,waiting_for_target,605215645882881,5.453118,0.0134310134,0.0158730159,166,False,,34.2058824,no contact: insufficient optical evidence,0.0693941176,-0.0351903378,1.46931823,run_005,0
1,22.3831522,0.033326608,run_008,4,30,605215651335999,33.326608,605215684662607,0.620884028,2,waiting_for_target,605215676004803,8.657804,0.0158730159,0.0158730159,166,False,,34.2058824,no contact: insufficient optical evidence,0.0693941176,0,1.46931823,run_005,0
1,22.4165233,0.066697748,run_008,4,30,605215651335999,66.697748,605215718033747,0.679971983,2,waiting_for_target,605215715869161,2.164586,0.0183150183,0.0158730159,166,False,,34.2058824,no contact: insufficient optical evidence,0.0693941176,0.0351903378,1.46931823,run_005,0.0517058048
1,22.4499103,0.100084709,run_008,4,30,605215651335999,100.084709,605215751420708,0.606085177,2,waiting_for_target,605215745875258,5.54545,0.00854700855,0.0158730159,166,False,,34.2058824,no contact: insufficient optical evidence,0.0693941176,-0.105571013,1.46931823,run_005,0
1,22.4840284,0.134202827,run_008,4,30,605215851520315,65.981489,605215785538826,0.542415929,2,waiting_for_target,605215775861590,9.677236,0.0183150183,0.0158730159,166,False,,34.2058824,no contact: insufficient optical evidence,0.0693941176,0.0351903378,1.46931823,run_005,0.0517058048
1,22.5166068,0.166781267,run_008,4,30,605215851520315,33.403049,605215818117266,0.711934659,2,waiting_for_target,605215815875663,2.241603,0.0134310134,0.0158730159,166,False,,34.2058824,no contact: insufficient optical evidence,0.0693941176,-0.0351903378,1.46931823,run_005,0
1,22.5500099,0.200184316,run_008,4,30,605215851520315,0,605215851520315,0.753777959,2,waiting_for_target,605215846032834,5.487481,0.010989011,0.0158730159,166,False,,34.2058824,no contact: insufficient optical evidence,0.0693941176,-0.0703806756,1.46931823,run_005,0
1,22.5832848,0.233459182,run_008,4,30,605215851520315,33.274866,605215884795181,0.660557977,2,waiting_for_target,605215875863106,8.932075,0.0207570208,0.0158730159,166,False,,34.2058824,no contact: insufficient optical evidence,0.0693941176,0.0703806756,1.46931823,run_005,0.10341161
1,22.6166343,0.266808761,run_008,4,30,605215851520315,66.624445,605215918144760,0.699633474,2,waiting_for_target,605215915835426,2.309334,0.0134310134,0.0158730159,166,False,,34.2058824,no contact: insufficient optical evidence,0.0693941176,-0.0351903378,1.46931823,run_005,0
1,22.6502147,0.300389085,run_008,4,30,605216051652982,99.927898,605215951725084,0.619482516,2,waiting_for_target,605215945885388,5.839696,0.0183150183,0.0158730159,166,False,,34.2058824,no contact: insufficient optical evidence,0.0693941176,0.0351903378,1.46931823,run_005,0.0517058048
1,22.6841168,0.334291195,run_008,4,30,605216051652982,66.025788,605215985627194,0.644587845,2,waiting_for_target,605215975857851,9.769343,0.0183150183,0.0158730159,166,False,,34.2058824,no contact: insufficient optical evidence,0.0693941176,0.0351903378,1.46931823,run_005,0.0517058048
1,22.717097,0.367271454,run_008,4,30,605216051652982,33.045529,605216018607453,0.660049726,2,waiting_for_target,605216015861703,2.74575,0.0183150183,0.0158730159,166,False,,34.2058824,no contact: insufficient optical evidence,0.0693941176,0.0351903378,1.46931823,run_005,0.0517058048
1,22.7501426,0.400316983,run_008,4,30,605216051652982,0,605216051652982,0.616257668,2,waiting_for_target,605216045912644,5.740338,0.0134310134,0.0158730159,166,False,,34.2058824,no contact: insufficient optical evidence,0.0693941176,-0.0351903378,1.46931823,run_005,0
1,22.7835588,0.433733216,run_008,4,30,605216051652982,33.416233,605216085069215,0.658887954,2,waiting_for_target,605216075850279,9.218936,0.0158730159,0.0158730159,166,False,,34.2058824,no contact: insufficient optical evidence,0.0693941176,0,1.46931823,run_005,0
1,22.8168866,0.467061016,run_008,4,30,605216051652982,66.744033,605216118397015,0.793150235,2,waiting_for_target,605216115936255,2.46076,0.0183150183,0.0158730159,166,False,,34.2058824,no contact: insufficient optical evidence,0.0693941176,0.0351903378,1.46931823,run_005,0.0517058048
1,22.8513788,0.501553246,run_008,4,30,605216251826184,98.936939,605216152889245,0.671639608,2,waiting_for_target,605216145914368,6.974877,0.0134310134,0.0158730159,166,False,,34.2058824,no contact: insufficient optical evidence,0.0693941176,-0.0351903378,1.46931823,run_005,0
1,22.8838974,0.534071872,run_008,4,30,605216251826184,66.418313,605216185407871,0.709919975,2,waiting_for_target,605216175850990,9.556881,0.010989011,0.0158730159,166,False,,34.2058824,no contact: insufficient optical evidence,0.0693941176,-0.0703806756,1.46931823,run_005,0
1,22.9168955,0.567069894,run_008,4,30,605216251826184,33.420291,605216218405893,0.651811753,2,waiting_for_target,605216215896855,2.509038,0.0183150183,0.0158730159,166,False,,34.2058824,no contact: insufficient optical evidence,0.0693941176,0.0351903378,1.46931823,run_005,0.0517058048
1,22.9503158,0.600490185,run_008,4,30,605216251826184,0,605216251826184,0.782589427,2,waiting_for_target,605216245951772,5.874412,0.010989011,0.0158730159,166,False,,34.2058824,no contact: insufficient optical evidence,0.0693941176,-0.0703806756,1.46931823,run_005,0
1,22.9838163,0.633990735,run_008,4,30,605216251826184,33.50055,605216285326734,0.640701535,2,waiting_for_target,605216275875836,9.450898,0.0183150183,0.0158730159,166,False,,34.2058824,no contact: insufficient optical evidence,0.0693941176,0.0351903378,1.46931823,run_005,0.0517058048
1,23.0169442,0.667118644,run_008,4,30,605216251826184,66.628459,605216318454643,0.642050677,2,waiting_for_target,605216315864016,2.590627,0.0207570208,0.0158730159,166,False,,34.2058824,no contact: insufficient optical evidence,0.0693941176,0.0703806756,1.46931823,run_005,0.10341161
1,23.0507543,0.700928772,run_008,4,30,605216452071578,99.806807,605216352264771,0.606307429,2,waiting_for_target,605216345862142,6.402629,0.0183150183,0.0158730159,166,False,,34.2058824,no contact: insufficient optical evidence,0.0693941176,0.0351903378,1.46931823,run_005,0.0517058048
1,23.083791,0.733965418,run_008,4,30,605216452071578,66.770161,605216385301417,0.663311749,2,waiting_for_target,605216376235040,9.066377,0.0158730159,0.0158730159,166,False,,34.2058824,no contact: insufficient optical evidence,0.0693941176,0,1.46931823,run_005,0
1,23.1176484,0.767822862,run_008,4,30,605216452071578,32.912717,605216419158861,0.779372408,2,waiting_for_target,605216415855583,3.303278,0.0158730159,0.0158730159,166,False,,34.2058824,no contact: insufficient optical evidence,0.0693941176,0,1.46931823,run_005,0
1,23.1505612,0.800735579,run_008,4,30,605216452071578,0,605216452071578,0.986708383,2,waiting_for_target,605216445854962,6.216616,0.0134310134,0.0158730159,166,False,,34.2058824,no contact: insufficient optical evidence,0.0693941176,-0.0351903378,1.46931823,run_005,0
1,23.1836983,0.833872771,run_008,4,30,605216452071578,33.137192,605216485208770,0.262734334,2,waiting_for_target,605216475825792,9.382978,0.010989011,0.0158730159,166,False,,34.2058824,no contact: insufficient optical evidence,0.0693941176,-0.0703806756,1.46931823,run_005,0
1,23.2170464,0.867220843,run_008,4,30,605216452071578,66.485264,605216518556842,0.760872302,2,waiting_for_target,605216515858926,2.697916,0.00854700855,0.0158730159,166,False,,34.2058824,no contact: insufficient optical evidence,0.0693941176,-0.105571013,1.46931823,run_005,0
1,23.2507824,0.900956824,run_008,4,30,605216652223902,99.931079,605216552292823,0.555119142,2,waiting_for_target,605216546284920,6.007903,0.0134310134,0.0158730159,166,False,,34.2058824,no contact: insufficient optical evidence,0.0693941176,-0.0351903378,1.46931823,run_005,0
1,23.283919,0.934093422,run_008,4,30,605216652223902,66.794481,605216585429421,0.631065588,2,waiting_for_target,605216575837347,9.592074,0.0207570208,0.0158730159,166,False,,34.2058824,no contact: insufficient optical evidence,0.0693941176,0.0703806756,1.46931823,run_005,0.10341161
1,23.3172966,0.967470985,run_008,4,30,605216652223902,33.416918,605216618806984,0.79573067,2,waiting_for_target,605216615839109,2.967875,0.0231990232,0.0158730159,166,False,,34.2058824,no contact: insufficient optical evidence,0.0693941176,0.105571013,1.46931823,run_005,0.155117414
1,23.3507135,1.0008879,run_008,4,30,605216652223902,0,605216652223902,0.64666863,2,waiting_for_target,605216645861532,6.36237,0.010989011,0.0158730159,166,False,,34.2058824,no contact: insufficient optical evidence,0.0693941176,-0.0703806756,1.46931823,run_005,0
1,23.3839765,1.0341509,run_008,4,30,605216652223902,33.262998,605216685486900,0.556726408,2,waiting_for_target,605216675850061,9.636839,0.0231990232,0.0158730159,166,False,,34.2058824,no contact: insufficient optical evidence,0.0693941176,0.105571013,1.46931823,run_005,0.155117414
1,23.4172643,1.06743871,run_008,4,30,605216652223902,66.55081,605216718774712,0.507721222,2,waiting_for_target,605216716020222,2.75449,0.00854700855,0.0158730159,166,False,,34.2058824,no contact: insufficient optical evidence,0.0693941176,-0.105571013,1.46931823,run_005,0
1,23.4506711,1.10084551,run_008,4,30,605216652223902,99.957609,605216752181511,0.712045094,2,waiting_for_target,605216745884272,6.297239,0.0207570208,0.0158730159,166,False,,34.2058824,no contact: insufficient optical evidence,0.0693941176,0.0703806756,1.46931823,run_005,0.10341161
1,23.4840637,1.1342381,run_008,4,30,605216852263969,66.689867,605216785574102,0.599354356,2,waiting_for_target,605216775834689,9.739413,0.0134310134,0.0158730159,166,False,,34.2058824,no contact: insufficient optical evidence,0.0693941176,-0.0351903378,1.46931823,run_005,0
1,23.5172654,1.16743982,run_008,4,30,605216852263969,33.488147,605216818775822,0.788372801,2,waiting_for_target,605216815848806,2.927016,0.0183150183,0.0158730159,166,False,,34.2058824,no contact: insufficient optical evidence,0.0693941176,0.0351903378,1.46931823,run_005,0.0517058048
1,23.5507535,1.20092797,run_008,4,30,605216852263969,0,605216852263969,0.223601869,2,waiting_for_target,605216845855686,6.408283,0.0183150183,0.0158730159,166,False,,34.2058824,no contact: insufficient optical evidence,0.0693941176,0.0351903378,1.46931823,run_005,0.0517058048
1,23.5841736,1.23434806,run_008,4,30,605216852263969,33.420091,605216885684060,0.483395344,2,waiting_for_target,605216875829333,9.854727,0.0231990232,0.0158730159,166,False,,34.2058824,no contact: insufficient optical evidence,0.0693941176,0.105571013,1.46931823,run_005,0.155117414
1,23.6173374,1.2675118,run_008,4,30,605216852263969,66.583828,605216918847797,0.563566624,2,waiting_for_target,605216915859551,2.988246,0.0183150183,0.0158730159,166,False,,34.2058824,no contact: insufficient optical evidence,0.0693941176,0.0351903378,1.46931823,run_005,0.0517058048
1,23.6511083,1.30128275,run_008,4,30,605217052656182,100.037432,605216952618750,0.465202059,2,waiting_for_target,605216945883401,6.735349,0.010989011,0.0158730159,166,False,,34.2058824,no contact: insufficient optical evidence,0.0693941176,-0.0703806756,1.46931823,run_005,0
1,23.7174014,1.36757577,run_008,4,30,605217052656182,33.744408,605217018911774,0.120228439,2,waiting_for_target,605217015869411,3.042363,0.0158730159,0.0158730159,166,False,,34.2058824,no contact: insufficient optical evidence,0.0693941176,0,1.46931823,run_005,0
1,23.7511458,1.40132018,run_008,4,30,605217052656182,0,605217052656182,0.251246269,2,waiting_for_target,605217045889749,6.766433,0.0207570208,0.0158730159,166,False,,34.2058824,no contact: insufficient optical evidence,0.0693941176,0.0703806756,1.46931823,run_005,0.10341161
1,23.7842299,1.43440435,run_008,4,30,605217052656182,33.084171,605217085740353,0.0977313448,2,waiting_for_target,605217075814993,9.92536,0.0158730159,0.0158730159,166,False,,34.2058824,no contact: insufficient optical evidence,0.0693941176,0,1.46931823,run_005,0
1,23.817505,1.46767941,run_008,4,30,605217052656182,66.35923,605217119015412,0.345802746,2,waiting_for_target,605217115835012,3.1804,0.0134310134,0.0158730159,166,False,,34.2058824,no contact: insufficient optical evidence,0.0693941176,-0.0351903378,1.46931823,run_005,0
1,23.8509543,1.50112873,run_008,4,30,605217052656182,99.808544,605217152464726,1.18287265,2,settling,605217145863728,6.600998,0.00854700855,0.0158730159,166,False,,34.2058824,no contact: insufficient optical evidence,0.0693941176,-0.105571013,1.46931823,run_005,0
1,23.8842284,1.5344028,run_008,4,30,605217286274205,100.535403,605217185738802,1.15100129,2,settling,605217175832790,9.906012,0.0183150183,0.0158730159,166,False,,34.2058824,no contact: insufficient optical evidence,0.0693941176,0.0351903378,1.46931823,run_005,0.0517058048
1,23.9509535,1.60112792,run_008,4,30,605217286274205,33.810282,605217252463923,1.14901246,2,settling,605217245890244,6.573679,0.00854700855,0.0158730159,166,False,,34.2058824,no contact: insufficient optical evidence,0.0693941176,-0.105571013,1.46931823,run_005,0
1,23.9847638,1.63493821,run_008,4,30,605217286274205,0,605217286274205,1.04169697,2,settling,605217285868028,0.406177,0.0134310134,0.0158730159,166,False,,34.2058824,no contact: insufficient optical evidence,0.0693941176,-0.0351903378,1.46931823,run_005,0
1,24.0176637,1.66783816,run_008,4,30,605217286274205,32.899953,605217319174158,0.616602303,2,waiting_for_target,605217315838977,3.335181,0.0158730159,0.0158730159,166,False,,34.2058824,no contact: insufficient optical evidence,0.0693941176,0,1.46931823,run_005,0
1,24.0511583,1.70133268,run_008,4,30,605217286274205,66.39447,605217352668675,0.192552852,2,waiting_for_target,605217345859126,6.809549,0.00854700855,0.0158730159,166,False,,34.2058824,no contact: insufficient optical evidence,0.0693941176,-0.105571013,1.46931823,run_005,0
1,24.0843835,1.73455796,run_008,4,30,605217286274205,99.619754,605217385893959,0.440309092,2,waiting_for_target,605217385852457,0.041502,0.0183150183,0.0158730159,166,False,,34.2058824,no contact: insufficient optical evidence,0.0693941176,0.0351903378,1.46931823,run_005,0.0517058048
1,24.1177491,1.76792348,run_008,4,30,605217519325046,100.065563,605217419259483,0.861784487,2,waiting_for_target,605217416360416,2.899067,0.00610500611,0.0158730159,166,False,,34.2058824,no contact: insufficient optical evidence,0.0693941176,-0.140761351,1.46931823,run_005,0
1,24.1511569,1.80133131,run_008,4,30,605217519325046,66.657735,605217452667311,2.92858223,2,settling,605217445870122,6.797189,0.118437118,0.0158730159,166,False,,34.2058824,no contact: insufficient optical evidence,0.0693941176,1.47799419,1.46931823,run_005,2.1716438
1,24.1844135,1.83458796,run_008,4,30,605217519325046,33.401087,605217485923959,2.15087929,2,settling,605217485852491,0.071468,0.123321123,0.0158730159,166,False,,34.2058824,no contact: insufficient optical evidence,0.0693941176,1.54837486,1.46931823,run_005,2.27505541
1,24.2178146,1.86798905,run_008,4,30,605217519325046,0,605217519325046,1.31882648,2,settling,605217515867141,3.457905,0.113553114,0.0158730159,166,False,,34.2058824,no contact: insufficient optical evidence,0.0693941176,1.40761351,1.46931823,run_005,2.06823219
1,24.2513217,1.90149608,run_008,4,30,605217519325046,33.507028,605217552832074,1.62495856,2,settling,605217545907940,6.924134,0.106227106,0.0158730159,166,False,,34.2058824,no contact: insufficient optical evidence,0.0693941176,1.3020425,1.46931823,run_005,1.91311478
1,24.2846443,1.93481876,run_008,4,30,605217519325046,66.82971,605217586154756,1.90962423,2,settling,605217586110456,0.0443,0.108669109,0.0158730159,166,False,,34.2058824,no contact: insufficient optical evidence,0.0693941176,1.33723284,1.46931823,run_005,1.96482058
1,24.3178847,1.96805914,run_008,4,30,605217719400811,100.005672,605217619395139,2.13975585,2,settling,605217615913941,3.481198,0.106227106,0.0158730159,166,True,34.2058824,34.2058824,contact localized,0.0693941176,1.3020425,1.46931823,run_005,1.91311478
1,24.3515378,2.00171224,run_008,4,30,605217719400811,66.352571,605217653048240,2.38529611,2,settling,605217645862549,7.185691,0.115995116,0.0158730159,166,True,34.2058824,34.2058824,contact localized,0.0693941176,1.44280385,1.46931823,run_005,2.119938
1,24.3846062,2.0347806,run_008,4,30,605217719400811,33.284213,605217686116598,2.11988144,2,settling,605217685853516,0.263082,0.115995116,0.0158730159,166,True,34.2058824,34.2058824,contact localized,0.0693941176,1.44280385,1.46931823,run_005,2.119938
1,24.4178904,2.06806481,run_008,4,30,605217719400811,0,605217719400811,2.00742212,2,recording,605217715855470,3.545341,0.115995116,0.0158730159,166,True,34.2058824,34.2058824,contact localized,0.0693941176,1.44280385,1.46931823,run_005,2.119938
1,24.451367,2.10154142,run_008,4,30,605217719400811,33.476607,605217752877418,1.89801204,2,recording,605217745996344,6.881074,0.113553114,0.0158730159,166,True,34.2058824,34.2058824,contact localized,0.0693941176,1.40761351,1.46931823,run_005,2.06823219
1,24.4846484,2.13482278,run_008,4,30,605217719400811,66.75797,605217786158781,2.07391075,2,recording,605217785851108,0.307673,0.111111111,0.0158730159,166,True,34.2058824,34.2058824,contact localized,0.0693941176,1.37242317,1.46931823,run_005,2.01652639
1,24.5239295,2.17410388,run_008,4,30,605217919604013,94.164135,605217825439878,2.07186907,2,recording,605217815887606,9.552272,0.113553114,0.0158730159,166,True,34.2058824,34.2058824,contact localized,0.0693941176,1.40761351,1.46931823,run_005,2.06823219
1,24.6180936,2.26826801,run_008,4,30,605217919604013,0,605217919604013,2.38503975,2,recording,605217915883620,3.720393,0.118437118,0.0158730159,166,True,34.2058824,34.2058824,contact localized,0.0693941176,1.47799419,1.46931823,run_005,2.1716438
1,24.6514786,2.30165299,run_008,4,30,605217919604013,33.384977,605217952988990,2.60474033,2,recording,605217945884588,7.104402,0.118437118,0.0158730159,166,True,34.2058824,34.2058824,contact localized,0.0693941176,1.47799419,1.46931823,run_005,2.1716438
1,24.6849753,2.33514974,run_008,4,30,605217919604013,66.88173,605217986485743,2.38205424,2,waiting_for_target,605217985855151,0.630592,0.113553114,0.0158730159,166,True,34.2058824,34.2058824,contact localized,0.0693941176,1.40761351,1.46931823,run_005,2.06823219
1,24.7181574,2.36833181,run_008,4,30,605217919604013,100.063792,605218019667805,2.57958052,5,waiting_for_target,605218015865368,3.802437,0.113553114,0.0158730159,166,True,34.2058824,34.2058824,contact localized,0.0693941176,1.40761351,1.46931823,run_005,2.06823219
1,24.7850026,2.43517706,run_008,4,30,605218119890183,33.377129,605218086513054,2.65781733,5,waiting_for_target,605218085843299,0.669755,0.115995116,0.0158730159,166,True,34.2058824,34.2058824,contact localized,0.0693941176,1.44280385,1.46931823,run_005,2.119938
1,24.8183798,2.46855418,run_008,4,30,605218119890183,0,605218119890183,2.86658031,5,waiting_for_target,605218115856181,4.034002,0.118437118,0.0158730159,166,True,34.2058824,34.2058824,contact localized,0.0693941176,1.47799419,1.46931823,run_005,2.1716438
1,24.8519602,2.50213463,run_008,4,30,605218119890183,33.58045,605218153470633,3.05249602,5,waiting_for_target,605218145852831,7.617802,0.118437118,0.0158730159,166,True,34.2058824,34.2058824,contact localized,0.0693941176,1.47799419,1.46931823,run_005,2.1716438
1,24.8851091,2.5352835,run_008,4,30,605218119890183,66.729315,605218186619498,3.41233818,5,waiting_for_target,605218185851756,0.767742,0.133089133,0.0158730159,166,True,34.2058824,34.2058824,contact localized,0.0693941176,1.68913621,1.46931823,run_005,2.48187863
1,24.9184623,2.56863668,run_008,4,30,605218119890183,100.082491,605218219972674,3.82433443,5,waiting_for_target,605218215868603,4.104071,0.145299145,0.0158730159,166,True,34.2058824,34.2058824,contact localized,0.0693941176,1.8650879,1.46931823,run_005,2.74040765
1,24.9519142,2.60208859,run_008,4,30,605218320161775,66.73719,605218253424585,3.8223317,5,waiting_for_target,605218245867904,7.556681,0.157509158,0.0158730159,166,True,34.2058824,34.2058824,contact localized,0.0693941176,2.04103959,1.46931823,run_005,2.99893668
1,24.9852498,2.63542418,run_008,4,30,605218320161775,33.401597,605218286760178,4.09635417,5,settling,605218285868410,0.891768,0.167277167,0.0158730159,166,True,34.2058824,34.2058824,contact localized,0.0693941176,2.18180094,1.46931823,run_005,3.2057599
1,25.0186514,2.66882578,run_008,4,30,605218320161775,0,605218320161775,4.23200737,5,settling,605218315860150,4.301625,0.16971917,0.0158730159,166,True,34.2058824,34.2058824,contact localized,0.0693941176,2.21699128,1.46931823,run_005,3.2574657
1,25.0521522,2.7023266,run_008,4,30,605218320161775,33.50082,605218353662595,4.63152634,5,settling,605218345861081,7.801514,0.181929182,0.0158730159,166,True,34.2058824,34.2058824,contact localized,0.0693941176,2.39294297,1.46931823,run_005,3.51599473
1,25.0852341,2.73540857,run_008,4,30,605218320161775,66.582795,605218386744570,4.80572702,5,settling,605218385836200,0.90837,0.213675214,0.0158730159,166,True,34.2058824,34.2058824,contact localized,0.0693941176,2.85041736,1.46931823,run_005,4.18817019
1,25.1185477,2.76872217,run_008,4,30,605218320161775,99.896396,605218420058171,5.17980526,5,settling,605218415910262,4.147909,0.233211233,0.0158730159,166,True,34.2058824,34.2058824,contact localized,0.0693941176,3.13194007,1.46931823,run_005,4.60181663
1,25.15198,2.80215441,run_008,4,30,605218520172270,66.681862,605218453490408,5.63606288,5,settling,605218446442160,7.048248,0.257631258,0.0158730159,166,True,34.2058824,34.2058824,contact localized,0.0693941176,3.48384344,1.46931823,run_005,5.11887467
1,25.1852244,2.83539883,run_008,4,30,605218520172270,33.437443,605218486734827,5.88074778,5,settling,605218485854968,0.879859,0.277167277,0.0158730159,166,True,34.2058824,34.2058824,contact localized,0.0693941176,3.76536615,1.46931823,run_005,5.53252111
1,25.2186618,2.86883627,run_008,4,30,605218520172270,0,605218520172270,5.7789009,5,settling,605218515869905,4.302365,0.277167277,0.0158730159,166,True,34.2058824,34.2058824,contact localized,0.0693941176,3.76536615,1.46931823,run_005,5.53252111
1,25.252019,2.90219342,run_008,4,30,605218520172270,33.357144,605218553529414,5.62752498,5,recording,605218545873534,7.65588,0.27960928,0.0158730159,166,True,34.2058824,34.2058824,contact localized,0.0693941176,3.80055648,1.46931823,run_005,5.58422692
1,25.2855551,2.93572953,run_008,4,30,605218520172270,66.893257,605218587065527,5.48741831,5,recording,605218585844675,1.220852,0.277167277,0.0158730159,166,True,34.2058824,34.2058824,contact localized,0.0693941176,3.76536615,1.46931823,run_005,5.53252111
1,25.3186134,2.96878785,run_008,4,30,605218520172270,99.951578,605218620123848,5.29112224,5,recording,605218616209471,3.914377,0.27960928,0.0158730159,166,True,34.2058824,34.2058824,contact localized,0.0693941176,3.80055648,1.46931823,run_005,5.58422692
1,25.3520882,3.00226259,run_008,4,30,605218720201894,66.603309,605218653598585,5.7140423,5,recording,605218645849364,7.749221,0.277167277,0.0158730159,166,True,34.2058824,34.2058824,contact localized,0.0693941176,3.76536615,1.46931823,run_005,5.53252111
1,25.3854194,3.03559381,run_008,4,30,605218720201894,33.272086,605218686929808,5.64249079,5,recording,605218685853858,1.07595,0.27960928,0.0158730159,166,True,34.2058824,34.2058824,contact localized,0.0693941176,3.80055648,1.46931823,run_005,5.58422692
1,25.4186915,3.0688659,run_008,4,30,605218720201894,0,605218720201894,5.60406846,5,recording,605218715838525,4.363369,0.277167277,0.0158730159,166,True,34.2058824,34.2058824,contact localized,0.0693941176,3.76536615,1.46931823,run_005,5.53252111
1,25.4525125,3.10268689,run_008,4,30,605218720201894,33.820996,605218754022890,5.59128052,5,recording,605218745869774,8.153116,0.277167277,0.0158730159,166,True,34.2058824,34.2058824,contact localized,0.0693941176,3.76536615,1.46931823,run_005,5.53252111
1,25.4853754,3.13554986,run_008,4,30,605218720201894,66.683962,605218786885856,5.64619565,5,recording,605218786031606,0.85425,0.27960928,0.0158730159,166,True,34.2058824,34.2058824,contact localized,0.0693941176,3.80055648,1.46931823,run_005,5.58422692
1,25.5189982,3.16917267,run_008,4,30,605218920719661,100.210994,605218820508667,5.58744004,5,waiting_for_target,605218815887924,4.620743,0.27960928,0.0158730159,166,True,34.2058824,34.2058824,contact localized,0.0693941176,3.80055648,1.46931823,run_005,5.58422692
1,25.5522228,3.20239726,run_008,4,30,605218920719661,66.986407,605218853733254,5.60526206,10,waiting_for_target,605218845899495,7.833759,0.27960928,0.0158730159,166,True,34.2058824,34.2058824,contact localized,0.0693941176,3.80055648,1.46931823,run_005,5.58422692
1,25.5854835,3.23565797,run_008,4,30,605218920719661,33.725693,605218886993968,5.78103828,10,waiting_for_target,605218885864197,1.129771,0.282051282,0.0158730159,166,True,34.2058824,34.2058824,contact localized,0.0693941176,3.83574682,1.46931823,run_005,5.63593272
1,25.6192092,3.26938366,run_008,4,30,605218920719661,0,605218920719661,5.71288987,10,waiting_for_target,605218915862053,4.857608,0.27960928,0.0158730159,166,True,34.2058824,34.2058824,contact localized,0.0693941176,3.80055648,1.46931823,run_005,5.58422692
1,25.6522452,3.30241967,run_008,4,30,605218920719661,33.036008,605218953755669,5.83775704,10,waiting_for_target,605218946004082,7.751587,0.27960928,0.0158730159,166,True,34.2058824,34.2058824,contact localized,0.0693941176,3.80055648,1.46931823,run_005,5.58422692
1,25.6855267,3.33570113,run_008,4,30,605218920719661,66.317465,605218987037126,5.76501918,10,waiting_for_target,605218985866447,1.170679,0.27960928,0.0158730159,166,True,34.2058824,34.2058824,contact localized,0.0693941176,3.80055648,1.46931823,run_005,5.58422692
1,25.7522786,3.402453,run_008,4,30,605219153907066,100.118064,605219053789002,5.91461465,10,waiting_for_target,605219045954773,7.834229,0.282051282,0.0158730159,166,True,34.2058824,34.2058824,contact localized,0.0693941176,3.83574682,1.46931823,run_005,5.63593272
1,25.7856046,3.43577903,run_008,4,30,605219153907066,66.792039,605219087115027,6.03517018,10,waiting_for_target,605219085856832,1.258195,0.284493284,0.0158730159,166,True,34.2058824,34.2058824,contact localized,0.0693941176,3.87093716,1.46931823,run_005,5.68763853
1,25.8189574,3.46913184,run_008,4,30,605219153907066,33.439229,605219120467837,6.86125515,10,waiting_for_target,605219115855771,4.612066,0.299145299,0.0158730159,166,True,34.2058824,34.2058824,contact localized,0.0693941176,4.08207919,1.46931823,run_005,5.99787336
1,25.8523966,3.50257107,run_008,4,30,605219153907066,0,605219153907066,8.05686662,10,waiting_for_target,605219145869500,8.037566,0.330891331,0.0158730159,166,True,34.2058824,34.2058824,contact localized,0.0693941176,4.53955358,1.46931823,run_005,6.67004882
1,25.8856751,3.53584954,run_008,4,30,605219153907066,33.278469,605219187185535,8.94894279,10,waiting_for_target,605219185839235,1.3463,0.404151404,0.0158730159,166,True,34.2058824,34.2058824,contact localized,0.0693941176,5.59526371,1.46931823,run_005,8.22122296
1,25.9190477,3.56922213,run_008,4,30,605219153907066,66.651066,605219220558132,9.41418627,10,settling,605219215857715,4.700417,0.443223443,0.0158730159,166,True,34.2058824,34.2058824,contact localized,0.0693941176,6.15830912,1.46931823,run_005,9.04851584
1,25.9526834,3.60285783,run_008,4,30,605219354173099,99.979269,605219254193830,9.2416386,10,settling,605219245897776,8.296054,0.46031746,0.0158730159,166,True,34.2058824,34.2058824,contact localized,0.0693941176,6.40464148,1.46931823,run_005,9.41045647
1,25.9868673,3.63704173,run_008,4,30,605219354173099,65.795371,605219288377728,9.18117582,10,settling,605219285853947,2.523781,0.467643468,0.0158730159,166,True,34.2058824,34.2058824,contact localized,0.0693941176,6.51021249,1.46931823,run_005,9.56557389
1,26.0190974,3.66927185,run_008,4,30,605219354173099,33.565245,605219320607854,9.39730866,10,settling,605219315877571,4.730283,0.467643468,0.0158730159,166,True,34.2058824,34.2058824,contact localized,0.0693941176,6.51021249,1.46931823,run_005,9.56557389
1,26.0526627,3.7028371,run_008,4,30,605219354173099,0,605219354173099,9.33247834,10,settling,605219345855597,8.317502,0.467643468,0.0158730159,166,True,34.2058824,34.2058824,contact localized,0.0693941176,6.51021249,1.46931823,run_005,9.56557389
1,26.0860065,3.73618089,run_008,4,30,605219354173099,33.343785,605219387516884,9.42484263,10,settling,605219385857164,1.65972,0.467643468,0.0158730159,166,True,34.2058824,34.2058824,contact localized,0.0693941176,6.51021249,1.46931823,run_005,9.56557389
1,26.119348,3.76952243,run_008,4,30,605219354173099,66.685327,605219420858426,9.86049312,10,settling,605219415905375,4.953051,0.472527473,0.0158730159,166,True,34.2058824,34.2058824,contact localized,0.0693941176,6.58059317,1.46931823,run_005,9.6689855
1,26.1529225,3.80309697,run_008,4,30,605219554199772,99.766807,605219454432965,10.0571958,10,settling,605219446446710,7.986255,0.477411477,0.0158730159,166,True,34.2058824,34.2058824,contact localized,0.0693941176,6.65097385,1.46931823,run_005,9.77239711
1,26.1868417,3.83701613,run_008,4,30,605219554199772,65.847644,605219488352128,10.0136539,10,recording,605219485996611,2.355517,0.496947497,0.0158730159,166,True,34.2058824,34.2058824,contact localized,0.0693941176,6.93249655,1.46931823,run_005,10.1860435
1,26.2197907,3.86996508,run_008,4,30,605219554199772,32.898696,605219521301076,10.1464465,10,recording,605219515891761,5.409315,0.492063492,0.0158730159,166,True,34.2058824,34.2058824,contact localized,0.0693941176,6.86211587,1.46931823,run_005,10.0826319
1,26.2526894,3.90286377,run_008,4,30,605219554199772,0,605219554199772,10.0150775,10,recording,605219546132755,8.067017,0.501831502,0.0158730159,166,True,34.2058824,34.2058824,contact localized,0.0693941176,7.00287722,1.46931823,run_005,10.2894552
1,26.2859713,3.93614572,run_008,4,30,605219554199772,33.281944,605219587481716,10.4508764,10,recording,605219585863461,1.618255,0.506715507,0.0158730159,166,True,34.2058824,34.2058824,contact localized,0.0693941176,7.0732579,1.46931823,run_005,10.3928668
1,26.3196411,3.96981553,run_008,4,30,605219554199772,66.951762,605219621151534,10.462912,10,recording,605219615863468,5.288066,0.514041514,0.0158730159,166,True,34.2058824,34.2058824,contact localized,0.0693941176,7.17882891,1.46931823,run_005,10.5479842
1,26.3529876,4.00316204,run_008,4,30,605219754444827,99.946783,605219654498044,10.2472734,10,recording,605219646517469,7.980575,0.516483516,0.0158730159,166,True,34.2058824,34.2058824,contact localized,0.0693941176,7.21401925,1.46931823,run_005,10.59969
1,26.3870233,4.03719776,run_008,4,30,605219754444827,65.911067,605219688533760,10.572792,10,recording,605219685873196,2.660564,0.521367521,0.0158730159,166,True,34.2058824,34.2058824,contact localized,0.0693941176,7.28439993,1.46931823,run_005,10.7031016
1,26.4196492,4.06982363,run_008,4,30,605219754444827,33.285194,605219721159633,10.3125711,10,recording,605219715876084,5.283549,0.526251526,0.0158730159,166,True,34.2058824,34.2058824,contact localized,0.0693941176,7.3547806,1.46931823,run_005,10.8065132
1,26.4529344,4.10310883,run_008,4,30,605219754444827,0,605219754444827,10.356135,10,waiting_for_target,605219746206351,8.238476,0.536019536,0.0158730159,166,True,34.2058824,34.2058824,contact localized,0.0693941176,7.49554195,1.46931823,run_005,11.0133364
1,26.4861019,4.13627634,run_008,4,30,605219754444827,33.167517,605219787612344,10.440049,15,waiting_for_target,605219785863467,1.748877,0.533577534,0.0158730159,166,True,34.2058824,33.8379095,contact localized,0.0697620905,7.42100063,1.46931823,run_005,10.9038115
1,26.5194797,4.16965414,run_008,4,30,605219754444827,66.545309,605219820990136,10.2437982,15,waiting_for_target,605219815868967,5.121169,0.526251526,0.0158730159,166,True,34.2058824,33.4676038,contact localized,0.0701323962,7.27735737,1.46931823,run_005,10.6927538
1,26.5531036,4.20327806,run_008,4,30,605219754444827,100.169231,605219854614058,10.2877411,15,waiting_for_target,605219846268109,8.345949,0.528693529,0.0158730159,166,True,34.2058824,33.0945675,contact localized,0.0705054325,7.27348935,1.46931823,run_005,10.6870705
1,26.588214,4.2383884,run_008,4,30,605219987737424,98.013021,605219889724403,10.2016152,15,waiting_for_target,605219885859856,3.864547,0.538461538,0.0158730159,166,True,31.6176471,32.7050402,contact localized,0.0708949598,7.37130712,1.46931823,run_005,10.8307959
1,26.6195196,4.26969401,run_008,4,30,605219987737424,66.707419,605219921030005,9.95947607,15,waiting_for_target,605219915945821,5.084184,0.531135531,0.0158730159,166,True,31.6176471,32.3577241,contact localized,0.0712422759,7.23253867,1.46931823,run_005,10.6269009
1,26.6529256,4.30310006,run_008,4,30,605219987737424,33.301364,605219954436060,10.258738,15,waiting_for_target,605219945851819,8.584241,0.533577534,0.0158730159,166,True,31.6176471,31.9871048,contact localized,0.0716128952,7.22920804,1.46931823,run_005,10.6220072
1,26.686227,4.33640143,run_008,4,30,605219987737424,0,605219987737424,10.6361718,15,waiting_for_target,605219985852040,1.885384,0.531135531,0.0158730159,166,True,31.6176471,31.6176471,contact localized,0.0719823529,7.15817828,1.46931823,run_005,10.5176418
1,26.7532021,4.40337648,run_008,4,30,605219987737424,66.975056,605220054712480,11.1117875,15,waiting_for_target,605220046249348,8.463132,0.553113553,0.0158730159,166,True,31.6176471,31.6176471,contact localized,0.0719823529,7.46350342,1.46931823,run_005,10.9662616
1,26.7867894,4.43696382,run_008,4,30,605220188084137,99.784315,605220088299822,11.8070419,15,waiting_for_target,605220085866305,2.433517,0.5995116,0.0158730159,166,True,31.6176471,31.6176471,contact localized,0.0719823529,8.10807871,1.46931823,run_005,11.9133478
1,26.8200747,4.47024916,run_008,4,30,605220188084137,66.498983,605220121585154,12.613769,15,waiting_for_target,605220115950369,5.634785,0.628815629,0.0158730159,166,True,31.6176471,31.6176471,contact localized,0.0719823529,8.5151789,1.46931823,run_005,12.5115076
1,26.8533243,4.50349874,run_008,4,30,605220188084137,33.249395,605220154834742,14.6104629,15,settling,605220146798359,8.036383,0.660561661,0.0158730159,166,True,31.6176471,31.6176471,contact localized,0.0719823529,8.9562041,1.46931823,run_005,13.1595139
1,26.8865737,4.53674814,run_008,4,30,605220188084137,0,605220188084137,15.2289426,15,settling,605220185850693,2.233444,0.758241758,0.0158730159,166,True,31.6176471,31.6176471,contact localized,0.0719823529,10.3132047,1.46931823,run_005,15.1533797
1,26.9199126,4.57008703,run_008,4,30,605220188084137,33.338889,605220221423026,15.2385703,15,settling,605220215865432,5.557594,0.802197802,0.0158730159,166,True,31.6176471,31.6176471,contact localized,0.0719823529,10.923855,1.46931823,run_005,16.0506193
1,26.953986,4.6041604,run_008,4,30,605220188084137,67.412262,605220255496399,14.7780142,15,settling,605220247227101,8.269298,0.78998779,0.0158730159,166,True,31.6176471,31.6176471,contact localized,0.0719823529,10.7542299,1.46931823,run_005,15.8013861
1,26.9865336,4.63670801,run_008,4,30,605220188084137,99.959876,605220288044013,15.122621,15,settling,605220285858034,2.185979,0.794871795,0.0158730159,166,True,31.6176471,31.6176471,contact localized,0.0719823529,10.82208,1.46931823,run_005,15.9010793
1,27.0198941,4.67006856,run_008,4,30,605220388258856,66.854295,605220321404561,15.656155,15,settling,605220315891975,5.512586,0.7997558,0.0158730159,166,True,31.6176471,31.6176471,invalid: response is spatially diffuse,0.0719823529,10.88993,1.46931823,run_005,16.0007726
1,27.0867484,4.73692286,run_008,4,30,605220388258856,0,605220388258856,15.7966726,15,settling,605220385860891,2.397965,0.80952381,0.0158730159,166,True,31.6176471,31.6176471,invalid: response is spatially diffuse,0.0719823529,11.02563,1.46931823,run_005,16.2001592
1,27.1199238,4.77009819,run_008,4,30,605220388258856,33.175336,605220421434192,15.8612504,15,recording,605220415844589,5.589603,0.814407814,0.0158730159,166,True,31.6176471,31.5786275,invalid: response is spatially diffuse,0.0720213725,11.0874699,1.46931823,run_005,16.2910216
1,27.1535076,4.803682,run_008,4,30,605220388258856,66.759145,605220455018001,16.1449753,15,recording,605220447930994,7.087007,0.819291819,0.0158730159,166,True,31.6176471,31.5391276,invalid: response is spatially diffuse,0.0720608724,11.1491684,1.46931823,run_005,16.3816764
1,27.186623,4.83679744,run_008,4,30,605220388258856,99.874583,605220488133439,15.8911371,15,recording,605220485860404,2.273035,0.824175824,0.0158730159,166,True,31.6176471,31.5001785,invalid: response is spatially diffuse,0.0720998215,11.210885,1.46931823,run_005,16.4723577
1,27.2207472,4.87092159,run_008,4,30,605220588311574,66.053985,605220522257589,15.8891499,15,recording,605220515833208,6.424381,0.826617827,0.0158730159,166,True,31.3823529,31.460043,invalid: response is spatially diffuse,0.072139957,11.2384987,1.46931823,run_005,16.512931
1,27.2537994,4.90397386,run_008,4,30,605220588311574,33.001715,605220555309859,15.7807267,15,recording,605220546406598,8.903261,0.833943834,0.0158730159,166,True,31.3823529,31.4211683,invalid: response is spatially diffuse,0.0721788317,11.3339437,1.46931823,run_005,16.6531701
1,27.2868012,4.93697557,run_008,4,30,605220588311574,0,605220588311574,15.7589254,15,recording,605220585850980,2.460594,0.821733822,0.0158730159,166,True,31.3823529,31.3823529,invalid: response is spatially diffuse,0.0722176471,11.1587796,1.46931823,run_005,16.3957983
1,27.3206418,4.97081623,run_008,4,30,605220588311574,33.840651,605220622152225,15.5271123,15,recording,605220616420474,5.731751,0.831501832,0.0158730159,166,True,31.3823529,31.3823529,invalid: response is spatially diffuse,0.0722176471,11.2940375,1.46931823,run_005,16.5945352
1,27.3536305,5.00380492,run_008,4,30,605220588311574,66.829348,605220655140922,15.1439846,15,recording,605220647375174,7.765748,0.838827839,0.0158730159,166,True,31.3823529,31.3823529,invalid: response is spatially diffuse,0.0722176471,11.395481,1.46931823,run_005,16.7435879
1,27.3867546,5.03692905,run_008,4,30,605220588311574,99.953472,605220688265046,15.36033,15,waiting_for_target,605220686157771,2.107275,0.824175824,0.0158730159,166,True,31.3823529,31.3823529,invalid: response is spatially diffuse,0.0722176471,11.1925941,1.46931823,run_005,16.4454825
1,27.4209061,5.07108055,run_008,4,30,605220788359520,65.942975,605220722416545,15.2685428,20,waiting_for_target,605220715918906,6.497639,0.824175824,0.0158730159,166,True,31.3823529,31.3823529,invalid: response is spatially diffuse,0.0722176471,11.1925941,1.46931823,run_005,16.4454825
1,27.4536596,5.10383401,run_008,4,30,605220788359520,33.189508,605220755170012,15.2024464,20,waiting_for_target,605220746643090,8.526922,0.826617827,0.0158730159,166,True,31.3823529,31.3823529,invalid: response is spatially diffuse,0.0722176471,11.2264086,1.46931823,run_005,16.4951667
1,27.4868491,5.13702352,run_008,4,30,605220788359520,0,605220788359520,15.2096935,20,waiting_for_target,605220786181265,2.178255,0.821733822,0.0158730159,166,True,31.3823529,31.3823529,invalid: response is spatially diffuse,0.0722176471,11.1587796,1.46931823,run_005,16.3957983
1,27.5202093,5.17038374,run_008,4,30,605220788359520,33.360217,605220821719737,15.2052875,20,waiting_for_target,605220815843208,5.876529,0.831501832,0.0158730159,166,True,31.3823529,31.4215696,invalid: response is spatially diffuse,0.0721784304,11.3001739,1.46931823,run_005,16.6035515
1,27.5538595,5.2040339,run_008,4,30,605220788359520,67.010374,605220855369894,15.1581306,20,waiting_for_target,605220847402629,7.967265,0.829059829,0.0158730159,166,True,31.3823529,31.461127,invalid: response is spatially diffuse,0.072138873,11.272519,1.46931823,run_005,16.5629176
1,27.5869913,5.23716568,run_008,4,30,605220988516105,100.014427,605220888501678,15.292989,20,waiting_for_target,605220885865814,2.635864,0.831501832,0.0158730159,166,True,31.6176471,31.5000751,invalid: response is spatially diffuse,0.0720999249,11.312478,1.46931823,run_005,16.6216302
1,27.6210387,5.27121308,run_008,4,30,605220988516105,65.967026,605220922549079,15.3836302,20,waiting_for_target,605220915873887,6.675192,0.824175824,0.0158730159,166,True,31.6176471,31.5400995,invalid: response is spatially diffuse,0.0720599005,11.2170958,1.46931823,run_005,16.4814833
1,27.6537593,5.30393371,run_008,4,30,605220988516105,33.246393,605220955269712,15.4432283,20,waiting_for_target,605220946958218,8.311494,0.821733822,0.0158730159,166,True,31.6176471,31.5785643,invalid: response is spatially diffuse,0.0720214357,11.18918,1.46931823,run_005,16.4404661
1,27.6870057,5.33718011,run_008,4,30,605220988516105,0,605220988516105,16.4716204,20,waiting_for_target,605220985860934,2.655171,0.833943834,0.0158730159,166,True,31.6176471,31.6176471,invalid: response is spatially diffuse,0.0719823529,11.3648802,1.46931823,run_005,16.6986256
1,27.7203751,5.37054955,run_008,4,30,605220988516105,33.369448,605221021885553,17.1500007,20,waiting_for_target,605221015854926,6.030627,0.836385836,0.0158730159,166,True,31.6176471,31.6176471,invalid: response is spatially diffuse,0.0719823529,11.3988052,1.46931823,run_005,16.7484723
1,27.7538468,5.40402118,run_008,4,30,605220988516105,66.841074,605221055357179,18.4000819,20,settling,605221046626336,8.730843,0.90964591,0.0158730159,166,True,31.6176471,31.6176471,invalid: response is spatially diffuse,0.0719823529,12.4165557,1.46931823,run_005,18.2438716
1,27.7871777,5.43735215,run_008,4,30,605221188705816,100.017663,605221088688153,19.3664369,20,settling,605221085860573,2.82758,0.973137973,0.0158730159,166,True,31.6176471,31.6176471,invalid: response is spatially diffuse,0.0719823529,13.2986061,1.46931823,run_005,19.5398843
1,27.8213316,5.47150602,run_008,4,30,605221188705816,65.863797,605221122842019,19.5840797,20,settling,605221115833133,7.008886,0.992673993,0.0158730159,166,True,31.6176471,31.6176471,invalid: response is spatially diffuse,0.0719823529,13.5700062,1.46931823,run_005,19.9386575
1,27.8541653,5.5043397,run_008,4,30,605221188705816,33.030118,605221155675698,19.0224285,20,settling,605221146800827,8.874871,0.997557998,0.0158730159,166,True,31.6176471,31.6176471,invalid: response is spatially diffuse,0.0719823529,13.6378562,1.46931823,run_005,20.0383508
1,27.8871954,5.53736982,run_008,4,30,605221188705816,0,605221188705816,19.2283657,20,settling,605221185858889,2.846927,0.987789988,0.0158730159,166,True,31.6176471,31.6176471,invalid: response is spatially diffuse,0.0719823529,13.5021562,1.46931823,run_005,19.8389642
1,27.9205249,5.5706993,run_008,4,30,605221188705816,33.329481,605221222035297,20.2233911,20,settling,605221215849103,6.186194,0.992673993,0.0158730159,166,True,31.6176471,31.6176471,invalid: response is spatially diffuse,0.0719823529,13.5700062,1.46931823,run_005,19.9386575
1,27.9540372,5.60421166,run_008,4,30,605221188705816,66.841839,605221255547655,20.2681161,20,settling,605221247288761,8.258894,0.997557998,0.0158730159,166,True,31.6176471,31.6176471,invalid: response is spatially diffuse,0.0719823529,13.6378562,1.46931823,run_005,20.0383508
1,27.9873252,5.63749963,run_008,4,30,605221388917701,100.082072,605221288835629,20.3538804,20,settling,605221285840007,2.995622,1,0.0158730159,166,True,31.6176471,31.6176471,invalid: response is spatially diffuse,0.0719823529,13.6717813,1.46931823,run_005,20.0881974
1,28.0213177,5.67149213,run_008,4,30,605221388917701,66.089574,605221322828127,20.6068913,20,recording,605221315893617,6.93451,1.004884,0.0158730159,166,True,31.6176471,31.6176471,invalid: response is spatially diffuse,0.0719823529,13.7396313,1.46931823,run_005,20.1878907
1,28.0540642,5.70423858,run_008,4,30,605221388917701,33.343119,605221355574582,20.9123953,20,recording,605221346427960,9.146622,1.02197802,0.0158730159,166,True,31.6176471,31.6176471,invalid: response is spatially diffuse,0.0719823529,13.9771064,1.46931823,run_005,20.5368172
1,28.0874073,5.7375817,run_008,4,30,605221388917701,0,605221388917701,20.5392773,20,recording,605221385864189,3.053512,1.04151404,0.0158730159,166,True,31.6176471,31.6176471,invalid: response is spatially diffuse,0.0719823529,14.2485065,1.46931823,run_005,20.9355904
1,28.1206304,5.77080486,run_008,4,30,605221388917701,33.223159,605221422140860,20.64849,20,recording,605221415886808,6.254052,1.03663004,0.0158730159,166,True,31.6176471,31.6176471,invalid: response is spatially diffuse,0.0719823529,14.1806565,1.46931823,run_005,20.8358971
1,28.1539967,5.80417112,run_008,4,30,605221388917701,66.589423,605221455507124,20.9742866,20,recording,605221446918826,8.588298,1.04151404,0.0158730159,166,True,31.6176471,31.6176471,invalid: response is spatially diffuse,0.0719823529,14.2485065,1.46931823,run_005,20.9355904
1,28.187691,5.8378654,run_008,4,30,605221388917701,100.283701,605221489201402,20.8088559,20,recording,605221485900611,3.300791,1.05616606,0.0158730159,166,True,31.6176471,31.6176471,invalid: response is spatially diffuse,0.0719823529,14.4520566,1.46931823,run_005,21.2346702
1,28.2215142,5.87168858,run_008,4,30,605221622306323,99.281749,605221523024574,20.8650988,20,recording,605221515842068,7.182506,1.06105006,0.0158730159,166,True,31.6176471,31.6176471,invalid: response is spatially diffuse,0.0719823529,14.5199067,1.46931823,run_005,21.3343635
1,28.2541434,5.90431781,run_008,4,30,605221622306323,66.652514,605221555653809,21.0641065,20,recording,605221547073825,8.579984,1.07570208,0.0158730159,166,True,31.6176471,31.6176471,invalid: response is spatially diffuse,0.0719823529,14.7234567,1.46931823,run_005,21.6334434
1,28.287399,5.93757343,run_008,4,30,605221622306323,33.396895,605221588909428,20.8655561,20,release,605221585853332,3.056096,1.08302808,0.0158730159,166,True,31.6176471,31.6176471,invalid: response is spatially diffuse,0.0719823529,14.8252318,1.46931823,run_005,21.7829833
1,28.3207959,5.97097032,run_008,4,30,605221622306323,0,605221622306323,20.9288937,,release,605221615847555,6.458768,1.08058608,0.0158730159,166,True,31.6176471,31.6176471,invalid: response is spatially diffuse,0.0719823529,14.7913068,1.46931823,run_005,21.7331367
1,28.3543882,6.00456263,run_008,4,30,605221622306323,33.59231,605221655898633,21.0837991,,release,605221655851843,0.04679,1.09279609,0.0158730159,166,True,31.6176471,31.6176471,invalid: response is spatially diffuse,0.0719823529,14.9609319,1.46931823,run_005,21.9823699
1,28.3874992,6.03767359,run_008,4,30,605221622306323,66.703269,605221689009592,20.9324066,,release,605221685869186,3.140406,1.0952381,0.0158730159,166,True,31.6176471,31.6176471,invalid: response is spatially diffuse,0.0719823529,14.9948569,1.46931823,run_005,22.0322165
1,28.4210867,6.07126109,run_008,4,30,605221822774079,100.176989,605221722597090,20.8040387,,release,605221715862653,6.734437,1.09279609,0.0158730159,166,True,31.6176471,31.6176471,invalid: response is spatially diffuse,0.0719823529,14.9609319,1.46931823,run_005,21.9823699
1,28.4545101,6.1046845,run_008,4,30,605221822774079,66.75358,605221756020499,20.6076643,,release,605221755879620,0.140879,1.0952381,0.0158730159,166,True,31.6176471,31.6176471,invalid: response is spatially diffuse,0.0719823529,14.9948569,1.46931823,run_005,22.0322165
1,28.4878413,6.13801569,run_008,4,30,605221822774079,33.422393,605221789351686,20.6298047,,release,605221785857965,3.493721,1.1025641,0.0158730159,166,True,31.6176471,31.6176471,invalid: response is spatially diffuse,0.0719823529,15.0966319,1.46931823,run_005,22.1817565
1,28.5212637,6.17143808,run_008,4,30,605221822774079,0,605221822774079,20.4091849,,release,605221816111240,6.662839,1.10500611,0.0158730159,166,True,31.6176471,31.6176471,invalid: response is spatially diffuse,0.0719823529,15.1305569,1.46931823,run_005,22.2316031
1,28.5549282,6.20510263,run_008,4,30,605221822774079,33.664554,605221856438633,20.1730137,,release,605221855869303,0.56933,1.0976801,0.0158730159,166,True,31.6176471,31.6176471,invalid: response is spatially diffuse,0.0719823529,15.0287819,1.46931823,run_005,22.0820632
1,28.5877051,6.23787957,run_008,4,30,605221822774079,66.441485,605221889215564,19.4672847,,release,605221885857377,3.358187,1.0976801,0.0158730159,166,True,31.6176471,31.6176471,invalid: response is spatially diffuse,0.0719823529,15.0287819,1.46931823,run_005,22.0820632
1,28.6211348,6.27130918,run_008,4,30,605221822774079,99.871099,605221922645178,18.7525947,,release,605221915892751,6.752427,1.1025641,0.0158730159,166,True,31.6176471,31.6176471,invalid: response is spatially diffuse,0.0719823529,15.0966319,1.46931823,run_005,22.1817565
1,28.6556455,6.30581994,run_008,4,30,605222022916477,65.760538,605221957155939,17.095599,,release,605221955864614,1.291325,1.0976801,0.0158730159,166,True,31.6176471,31.6176471,invalid: response is spatially diffuse,0.0719823529,15.0287819,1.46931823,run_005,22.0820632
1,28.6879373,6.3381117,run_008,4,30,605222022916477,33.468774,605221989447703,15.9556742,,release,605221985961083,3.48662,1.08791209,0.0158730159,166,True,31.6176471,31.6176471,invalid: response is spatially diffuse,0.0719823529,14.8930818,1.46931823,run_005,21.8826766
1,28.7214061,6.37158048,run_008,4,30,605222022916477,0,605222022916477,13.9265267,,release,605222015878185,7.038292,0.99023199,0.0158730159,166,True,31.6176471,31.6176471,invalid: response is spatially diffuse,0.0719823529,13.5360812,1.46931823,run_005,19.8888108
1,28.754653,6.40482742,run_008,4,30,605222022916477,33.246942,605222056163419,12.3073648,,release,605222055846377,0.317042,0.853479853,0.0158730159,166,True,31.6176471,31.6176471,invalid: response is spatially diffuse,0.0719823529,11.6362803,1.46931823,run_005,17.0973988
1,28.7883363,6.43851069,run_008,4,30,605222022916477,66.93021,605222089846687,11.1480672,,release,605222085874428,3.972259,0.7997558,0.0158730159,166,True,31.6176471,31.6176471,invalid: response is spatially diffuse,0.0719823529,10.88993,1.46931823,run_005,16.0007726
1,28.8212693,6.47144371,run_008,4,30,605222022916477,99.863233,605222122779710,10.2684731,,release,605222115879621,6.900089,0.758241758,0.0158730159,166,True,31.6176471,31.6176471,invalid: response is spatially diffuse,0.0719823529,10.3132047,1.46931823,run_005,15.1533797
1,28.854668,6.5048424,run_008,4,30,605222256569475,100.39108,605222156178395,8.71343621,,release,605222155866682,0.311713,0.628815629,0.0158730159,166,True,31.6176471,31.6176471,invalid: response is spatially diffuse,0.0719823529,8.5151789,1.46931823,run_005,12.5115076
1,28.888018,6.53819238,run_008,4,30,605222256569475,67.041099,605222189528376,7.660956,,release,605222185855350,3.673026,0.601953602,0.0158730159,166,True,31.6176471,31.6176471,invalid: response is spatially diffuse,0.0719823529,8.14200373,1.46931823,run_005,11.9631945
1,28.9213834,6.57155783,run_008,4,30,605222256569475,33.675648,605222222893827,6.82609314,,release,605222215931367,6.96246,0.567765568,0.0158730159,166,True,31.6176471,31.6176471,invalid: response is spatially diffuse,0.0719823529,7.66705351,1.46931823,run_005,11.2653415
1,28.9550591,6.60523348,run_008,4,30,605222256569475,0,605222256569475,5.84296475,,release,605222255874155,0.69532,0.452991453,0.0158730159,166,True,31.6176471,31.6176471,invalid: response is spatially diffuse,0.0719823529,6.07257778,1.46931823,run_005,8.92254923
1,28.9880971,6.63827149,run_008,4,30,605222256569475,33.03801,605222289607485,5.12977263,,release,605222285890691,3.716794,0.389499389,0.0158730159,166,True,31.6176471,31.6176471,invalid: response is spatially diffuse,0.0719823529,5.19052738,1.46931823,run_005,7.62653649
1,29.0214694,6.67164382,run_008,4,30,605222256569475,66.410342,605222322979817,3.82776394,,release,605222315925258,7.054559,0.311355311,0.0158730159,166,True,31.6176471,31.6176471,invalid: response is spatially diffuse,0.0719823529,4.10492688,1.46931823,run_005,6.03144389
1,29.0548522,6.70502664,run_008,4,30,605222256569475,99.793161,605222356362636,2.96463731,,release,605222355852702,0.509934,0.257631258,0.0158730159,166,True,31.6176471,31.6176471,invalid: response is spatially diffuse,0.0719823529,3.35857654,1.46931823,run_005,4.93481773
1,29.088959,6.73913343,run_008,4,30,605222256569475,133.899953,605222390469428,2.6084432,,release,605222385872557,4.596871,0.235653236,0.0158730159,166,True,31.6176471,31.6176471,invalid: response is spatially diffuse,0.0719823529,3.0532514,1.46931823,run_005,4.48619793
1,29.1220396,6.77221405,run_008,4,30,605222256569475,166.980569,605222423550044,2.02004958,,release,605222415871982,7.678062,0.191697192,0.0158730159,166,True,31.6176471,31.6176471,invalid: response is spatially diffuse,0.0719823529,2.44260112,1.46931823,run_005,3.58895835
1,29.1549809,6.80515529,run_008,4,30,605222256569475,199.921815,605222456491290,1.51299734,,release,605222455863786,0.627504,0.15018315,0.0158730159,166,True,31.6176471,31.6176471,invalid: response is spatially diffuse,0.0719823529,1.86587585,1.46931823,run_005,2.7415654
1,29.1883413,0,run_009,5,40,605229494864083,0,605229494864083,0.601425262,2,waiting_for_target,605229485981294,8.882789,0.0158730159,0.0207570208,162,False,,37.5,no contact: insufficient optical evidence,0.0661,-0.0738881223,1.46931823,run_005,0
1,29.2217771,0.03343583,run_009,5,40,605229494864083,33.43583,605229528299913,0.696991334,2,waiting_for_target,605229525858021,2.441892,0.0183150183,0.0207570208,162,False,,37.5,no contact: insufficient optical evidence,0.0661,-0.0369440611,1.46931823,run_005,0
1,29.2555927,0.06725149,run_009,5,40,605229494864083,67.25149,605229562115573,0.545825146,2,waiting_for_target,605229555890049,6.225524,0.010989011,0.0207570208,162,False,,37.5,no contact: insufficient optical evidence,0.0661,-0.147776245,1.46931823,run_005,0
1,29.2884214,0.100080113,run_009,5,40,605229694917430,99.973234,605229594944196,0.614170276,2,waiting_for_target,605229585909822,9.034374,0.0158730159,0.0207570208,162,False,,37.5,no contact: insufficient optical evidence,0.0661,-0.0738881223,1.46931823,run_005,0
1,29.3218028,0.133461588,run_009,5,40,605229694917430,66.591759,605229628325671,0.70785853,2,waiting_for_target,605229625860970,2.464701,0.0207570208,0.0207570208,162,False,,37.5,no contact: insufficient optical evidence,0.0661,0,1.46931823,run_005,0
1,29.3551166,0.166775374,run_009,5,40,605229694917430,33.277973,605229661639457,0.768718951,2,waiting_for_target,605229655854540,5.784917,0.0231990232,0.0207570208,162,False,,37.5,no contact: insufficient optical evidence,0.0661,0.0369440611,1.46931823,run_005,0.0542825825
1,29.3883946,0.200053347,run_009,5,40,605229694917430,0,605229694917430,0.729511363,2,waiting_for_target,605229686485251,8.432179,0.0231990232,0.0207570208,162,False,,37.5,no contact: insufficient optical evidence,0.0661,0.0369440611,1.46931823,run_005,0.0542825825
1,29.4218051,0.233463821,run_009,5,40,605229694917430,33.410474,605229728327904,0.660181748,2,waiting_for_target,605229725838667,2.489237,0.0158730159,0.0207570208,162,False,,37.5,no contact: insufficient optical evidence,0.0661,-0.0738881223,1.46931823,run_005,0
1,29.4550693,0.266728048,run_009,5,40,605229694917430,66.674701,605229761592131,0.712476723,2,waiting_for_target,605229755855062,5.737069,0.0158730159,0.0207570208,162,False,,37.5,no contact: insufficient optical evidence,0.0661,-0.0738881223,1.46931823,run_005,0
1,29.4885969,0.300255657,run_009,5,40,605229694917430,100.20231,605229795119740,0.592505973,2,waiting_for_target,605229785936428,9.183312,0.0134310134,0.0207570208,162,False,,37.5,no contact: insufficient optical evidence,0.0661,-0.110832183,1.46931823,run_005,0
1,29.5221731,0.333831802,run_009,5,40,605229895339621,66.643736,605229828695885,0.616432228,2,waiting_for_target,605229825837695,2.85819,0.0134310134,0.0207570208,162,False,,37.5,no contact: insufficient optical evidence,0.0661,-0.110832183,1.46931823,run_005,0
1,29.5554451,0.367103827,run_009,5,40,605229895339621,33.371711,605229861967910,0.543133939,2,waiting_for_target,605229856259421,5.708489,0.0183150183,0.0207570208,162,False,,37.5,no contact: insufficient optical evidence,0.0661,-0.0369440611,1.46931823,run_005,0
1,29.5888168,0.400475538,run_009,5,40,605229895339621,0,605229895339621,0.680323037,2,waiting_for_target,605229885934118,9.405503,0.0256410256,0.0207570208,162,False,,37.5,no contact: insufficient optical evidence,0.0661,0.0738881223,1.46931823,run_005,0.108565165
1,29.6222175,0.433876206,run_009,5,40,605229895339621,33.400668,605229928740289,0.736841581,2,waiting_for_target,605229925854438,2.885851,0.0207570208,0.0207570208,162,False,,37.5,no contact: insufficient optical evidence,0.0661,0,1.46931823,run_005,0
1,29.6555577,0.467216419,run_009,5,40,605229895339621,66.740881,605229962080502,0.483653679,2,waiting_for_target,605229955847543,6.232959,0.0158730159,0.0207570208,162,False,,37.5,no contact: insufficient optical evidence,0.0661,-0.0738881223,1.46931823,run_005,0
1,29.6886753,0.500334061,run_009,5,40,605229895339621,99.858523,605229995198144,0.592887655,2,waiting_for_target,605229985893688,9.304456,0.0231990232,0.0207570208,162,False,,37.5,no contact: insufficient optical evidence,0.0661,0.0369440611,1.46931823,run_005,0.0542825825
1,29.7221657,0.533824455,run_009,5,40,605230095380167,66.691629,605230028688538,0.555000627,2,waiting_for_target,605230026064859,2.623679,0.0207570208,0.0207570208,162,False,,37.5,no contact: insufficient optical evidence,0.0661,0,1.46931823,run_005,0
1,29.7888573,0.600516084,run_009,5,40,605230095380167,0,605230095380167,0.802307654,2,waiting_for_target,605230085925431,9.454736,0.0134310134,0.0207570208,162,False,,37.5,no contact: insufficient optical evidence,0.0661,-0.110832183,1.46931823,run_005,0
1,29.8224589,0.634117689,run_009,5,40,605230095380167,33.601605,605230128981772,0.748605662,2,waiting_for_target,605230125843642,3.13813,0.0256410256,0.0207570208,162,False,,37.5,no contact: insufficient optical evidence,0.0661,0.0738881223,1.46931823,run_005,0.108565165
1,29.8555253,0.66718405,run_009,5,40,605230095380167,66.667966,605230162048133,0.637820214,2,waiting_for_target,605230155857026,6.191107,0.0134310134,0.0207570208,162,False,,37.5,no contact: insufficient optical evidence,0.0661,-0.110832183,1.46931823,run_005,0
1,29.922272,0.733930735,run_009,5,40,605230328752449,99.957631,605230228794818,0.762894519,2,waiting_for_target,605230225838077,2.956741,0.0231990232,0.0207570208,162,False,,37.5,no contact: insufficient optical evidence,0.0661,0.0369440611,1.46931823,run_005,0.0542825825
1,29.9558543,0.767513003,run_009,5,40,605230328752449,66.375363,605230262377086,0.69491637,2,waiting_for_target,605230255866173,6.510913,0.0207570208,0.0207570208,162,False,,37.5,no contact: insufficient optical evidence,0.0661,0,1.46931823,run_005,0
1,29.988835,0.800493723,run_009,5,40,605230328752449,33.394643,605230295357806,0.775465438,2,waiting_for_target,605230286082010,9.275796,0.0231990232,0.0207570208,162,False,,37.5,no contact: insufficient optical evidence,0.0661,0.0369440611,1.46931823,run_005,0.0542825825
1,30.0222296,0.833888366,run_009,5,40,605230328752449,0,605230328752449,0.747581505,2,waiting_for_target,605230325856066,2.896383,0.0134310134,0.0207570208,162,False,,37.5,no contact: insufficient optical evidence,0.0661,-0.110832183,1.46931823,run_005,0
1,30.056075,0.86773372,run_009,5,40,605230328752449,33.845354,605230362597803,0.574105364,2,waiting_for_target,605230355856458,6.741345,0.0231990232,0.0207570208,162,False,,37.5,no contact: insufficient optical evidence,0.0661,0.0369440611,1.46931823,run_005,0.0542825825
1,30.089123,0.900781709,run_009,5,40,605230328752449,66.893343,605230395645792,0.631876694,2,waiting_for_target,605230385898941,9.746851,0.0158730159,0.0207570208,162,False,,37.5,no contact: insufficient optical evidence,0.0661,-0.0738881223,1.46931823,run_005,0
1,30.1225315,0.934190256,run_009,5,40,605230528986634,99.932295,605230429054339,0.678361432,2,waiting_for_target,605230425865475,3.188864,0.0231990232,0.0207570208,162,False,,37.5,no contact: insufficient optical evidence,0.0661,0.0369440611,1.46931823,run_005,0.0542825825
1,30.1556495,0.967308222,run_009,5,40,605230528986634,66.814329,605230462172305,0.714000029,2,waiting_for_target,605230455854491,6.317814,0.0183150183,0.0207570208,162,False,,37.5,no contact: insufficient optical evidence,0.0661,-0.0369440611,1.46931823,run_005,0
1,30.1890844,1.00074317,run_009,5,40,605230528986634,33.379386,605230495607248,0.25061113,2,waiting_for_target,605230485903358,9.70389,0.0231990232,0.0207570208,162,False,,37.5,no contact: insufficient optical evidence,0.0661,0.0369440611,1.46931823,run_005,0.0542825825
1,30.2224638,1.03412255,run_009,5,40,605230528986634,0,605230528986634,0.218011662,2,waiting_for_target,605230525824326,3.162308,0.0207570208,0.0207570208,162,False,,37.5,no contact: insufficient optical evidence,0.0661,0,1.46931823,run_005,0
1,30.2560153,1.06767405,run_009,5,40,605230528986634,33.551503,605230562538137,0.318406627,2,waiting_for_target,605230555868320,6.669817,0.0207570208,0.0207570208,162,False,,37.5,no contact: insufficient optical evidence,0.0661,0,1.46931823,run_005,0
1,30.2890524,1.10071112,run_009,5,40,605230528986634,66.588573,605230595575207,0.243435231,2,waiting_for_target,605230585855504,9.719703,0.0231990232,0.0207570208,162,False,,37.5,no contact: insufficient optical evidence,0.0661,0.0369440611,1.46931823,run_005,0.0542825825
1,30.3225746,1.13423337,run_009,5,40,605230528986634,100.110814,605230629097448,0.0981561644,2,waiting_for_target,605230625855059,3.242389,0.0134310134,0.0207570208,162,False,,37.5,no contact: insufficient optical evidence,0.0661,-0.110832183,1.46931823,run_005,0
1,30.356004,1.16766274,run_009,5,40,605230729359737,66.832911,605230662526826,0.36690411,2,waiting_for_target,605230655883418,6.643408,0.0134310134,0.0207570208,162,False,,37.5,no contact: insufficient optical evidence,0.0661,-0.110832183,1.46931823,run_005,0
1,30.3893275,1.2009862,run_009,5,40,605230729359737,33.509453,605230695850284,0.394053813,2,waiting_for_target,605230685871433,9.978851,0.0134310134,0.0207570208,162,False,,37.5,no contact: insufficient optical evidence,0.0661,-0.110832183,1.46931823,run_005,0
1,30.4228369,1.23449565,run_009,5,40,605230729359737,0,605230729359737,0.309506139,2,waiting_for_target,605230725867801,3.491936,0.0231990232,0.0207570208,162,False,,37.5,no contact: insufficient optical evidence,0.0661,0.0369440611,1.46931823,run_005,0.0542825825
1,30.4560507,1.26770948,run_009,5,40,605230729359737,33.213831,605230762573568,0.176674587,2,waiting_for_target,605230755904184,6.669384,0.0158730159,0.0207570208,162,False,,37.5,no contact: insufficient optical evidence,0.0661,-0.0738881223,1.46931823,run_005,0
1,30.4892756,1.30093438,run_009,5,40,605230729359737,66.438727,605230795798464,0.336097718,2,waiting_for_target,605230785891257,9.907207,0.0207570208,0.0207570208,162,False,,37.5,no contact: insufficient optical evidence,0.0661,0,1.46931823,run_005,0
1,30.5225986,1.33425732,run_009,5,40,605230729359737,99.761662,605230829121399,0.585803039,2,waiting_for_target,605230825847745,3.273654,0.0158730159,0.0207570208,162,False,,37.5,no contact: insufficient optical evidence,0.0661,-0.0738881223,1.46931823,run_005,0
1,30.5559518,1.36761055,run_009,5,40,605230962626821,100.152185,605230862474636,0.626655456,2,waiting_for_target,605230855853102,6.621534,0.0280830281,0.0207570208,162,False,,37.5,no contact: insufficient optical evidence,0.0661,0.110832183,1.46931823,run_005,0.162847747
1,30.5895683,1.40122708,run_009,5,40,605230962626821,66.535653,605230896091168,0.453721142,2,waiting_for_target,605230885857020,10.234148,0.0207570208,0.0207570208,162,False,,37.5,no contact: insufficient optical evidence,0.0661,0,1.46931823,run_005,0
1,30.6227233,1.43438206,run_009,5,40,605230962626821,33.380674,605230929246147,0.512278322,2,waiting_for_target,605230925853959,3.392188,0.0183150183,0.0207570208,162,False,,37.5,no contact: insufficient optical evidence,0.0661,-0.0369440611,1.46931823,run_005,0
1,30.656104,1.46776274,run_009,5,40,605230962626821,0,605230962626821,0.415578052,2,waiting_for_target,605230955861326,6.765495,0.0231990232,0.0207570208,162,False,,37.5,no contact: insufficient optical evidence,0.0661,0.0369440611,1.46931823,run_005,0.0542825825
1,30.6893731,1.5010318,run_009,5,40,605230962626821,33.269062,605230995895883,0.504438051,2,waiting_for_target,605230995835218,0.060665,0.0207570208,0.0207570208,162,False,,37.5,no contact: insufficient optical evidence,0.0661,0,1.46931823,run_005,0
1,30.7563581,1.56801686,run_009,5,40,605231162693992,99.813045,605231062880947,0.389488092,2,waiting_for_target,605231055837012,7.043935,0.0231990232,0.0207570208,162,False,,37.5,no contact: insufficient optical evidence,0.0661,0.0369440611,1.46931823,run_005,0.0542825825
1,30.7895289,1.60118761,run_009,5,40,605231162693992,66.642304,605231096051688,0.549676666,2,waiting_for_target,605231095853047,0.198641,0.0183150183,0.0207570208,162,False,,37.5,no contact: insufficient optical evidence,0.0661,-0.0369440611,1.46931823,run_005,0
1,30.8228754,1.63453413,run_009,5,40,605231162693992,33.295779,605231129398213,2.03441031,2,settling,605231125849422,3.548791,0.0305250305,0.0207570208,162,False,,37.5,no contact: insufficient optical evidence,0.0661,0.147776245,1.46931823,run_005,0.21713033
1,30.8561712,1.66782991,run_009,5,40,605231162693992,0,605231162693992,1.56842439,2,settling,605231156117674,6.576318,0.0280830281,0.0207570208,162,False,,37.5,no contact: insufficient optical evidence,0.0661,0.110832183,1.46931823,run_005,0.162847747
1,30.8897504,1.70140917,run_009,5,40,605231162693992,33.579261,605231196273253,1.35287634,2,settling,605231195841410,0.431843,0.0305250305,0.0207570208,162,False,,37.5,no contact: insufficient optical evidence,0.0661,0.147776245,1.46931823,run_005,0.21713033
1,30.9229549,1.73461367,run_009,5,40,605231162693992,66.783765,605231229477757,1.87582734,2,settling,605231225854359,3.623398,0.032967033,0.0207570208,162,False,,37.5,no contact: insufficient optical evidence,0.0661,0.184720306,1.46931823,run_005,0.271412912
1,30.9564404,1.7680992,run_009,5,40,605231362768152,99.804874,605231262963278,1.82058418,2,settling,605231255908998,7.05428,0.0231990232,0.0207570208,162,True,37.5,37.5,contact localized,0.0661,0.0369440611,1.46931823,run_005,0.0542825825
1,30.9894951,1.80115382,run_009,5,40,605231362768152,66.750251,605231296017901,1.88172709,2,settling,605231295850964,0.166937,0.0402930403,0.0207570208,162,True,37.5,37.5,contact localized,0.0661,0.295552489,1.46931823,run_005,0.43426066
1,31.0562453,1.86790407,run_009,5,40,605231362768152,0,605231362768152,1.97207777,2,settling,605231355874731,6.893421,0.0354090354,0.0207570208,162,True,37.5,37.5,contact localized,0.0661,0.221664367,1.46931823,run_005,0.325695495
1,31.0899638,1.9016225,run_009,5,40,605231362768152,33.718436,605231396486588,1.94710127,2,recording,605231395851329,0.635259,0.0378510379,0.0207570208,162,True,37.5,37.5,contact localized,0.0661,0.258608428,1.46931823,run_005,0.379978077
1,31.1231537,1.93481248,run_009,5,40,605231362768152,66.908409,605231429676561,1.91822181,2,recording,605231425862180,3.814381,0.0280830281,0.0207570208,162,True,37.5,37.5,contact localized,0.0661,0.110832183,1.46931823,run_005,0.162847747
1,31.156503,1.96816172,run_009,5,40,605231563144502,100.118699,605231463025803,2.11541307,2,recording,605231455865813,7.15999,0.0256410256,0.0207570208,162,True,37.5,37.5,contact localized,0.0661,0.0738881223,1.46931823,run_005,0.108565165
1,31.1896953,2.00135401,run_009,5,40,605231563144502,66.926408,605231496218094,2.02437621,2,recording,605231495868734,0.34936,0.0378510379,0.0207570208,162,True,37.5,37.5,contact localized,0.0661,0.258608428,1.46931823,run_005,0.379978077
1,31.2233237,2.03498246,run_009,5,40,605231563144502,33.297962,605231529846540,1.98349325,2,recording,605231525857572,3.988968,0.0427350427,0.0207570208,162,True,37.5,37.5,contact localized,0.0661,0.33249655,1.46931823,run_005,0.488543242
1,31.2566217,2.06828042,run_009,5,40,605231563144502,0,605231563144502,2.11918373,2,recording,605231555859724,7.284778,0.0378510379,0.0207570208,162,True,37.5,37.5,contact localized,0.0661,0.258608428,1.46931823,run_005,0.379978077
1,31.3230124,2.1346711,run_009,5,40,605231563144502,66.390682,605231629535184,1.97352116,2,recording,605231625855499,3.679685,0.032967033,0.0207570208,162,True,37.5,37.5,contact localized,0.0661,0.184720306,1.46931823,run_005,0.271412912
1,31.3565601,2.16821887,run_009,5,40,605231563144502,99.938451,605231663082953,2.0116878,2,waiting_for_target,605231655859255,7.223698,0.0476190476,0.0207570208,162,True,37.5,37.5,contact localized,0.0661,0.406384673,1.46931823,run_005,0.597108407
1,31.3899226,2.20158138,run_009,5,40,605231763454697,67.009231,605231696445466,1.89159259,5,waiting_for_target,605231695830037,0.615429,0.0451770452,0.0207570208,162,True,37.5,37.5,contact localized,0.0661,0.369440611,1.46931823,run_005,0.542825825
1,31.4232392,2.23489799,run_009,5,40,605231763454697,33.692623,605231729762074,2.02174821,5,waiting_for_target,605231725870298,3.891776,0.0378510379,0.0207570208,162,True,37.5,37.5,contact localized,0.0661,0.258608428,1.46931823,run_005,0.379978077
1,31.4569319,2.26859061,run_009,5,40,605231763454697,0,605231763454697,2.21484336,5,waiting_for_target,605231755830682,7.624015,0.0500610501,0.0207570208,162,True,37.5,37.5,contact localized,0.0661,0.443328734,1.46931823,run_005,0.65139099
1,31.4900494,2.30170819,run_009,5,40,605231763454697,33.11758,605231796572277,2.36250275,5,waiting_for_target,605231795854003,0.718274,0.0525030525,0.0207570208,162,True,37.5,37.5,contact localized,0.0661,0.480272795,1.46931823,run_005,0.705673572
1,31.5231487,2.33480743,run_009,5,40,605231763454697,66.21682,605231829671517,2.50611756,5,waiting_for_target,605231825835479,3.836038,0.0695970696,0.0207570208,162,True,37.5,37.5,contact localized,0.0661,0.738881223,1.46931823,run_005,1.08565165
1,31.5567766,2.36843537,run_009,5,40,605231763454697,99.844753,605231863299450,3.18415725,5,waiting_for_target,605231855903575,7.395875,0.0622710623,0.0207570208,162,True,37.5,37.5,contact localized,0.0661,0.62804904,1.46931823,run_005,0.922803902
1,31.5900919,2.40175069,run_009,5,40,605231997120297,100.505522,605231896614775,4.0381961,5,settling,605231895854067,0.760708,0.125763126,0.0207570208,162,True,37.5,37.5,contact localized,0.0661,1.58859463,1.46931823,run_005,2.33415105
1,31.6234411,2.43509987,run_009,5,40,605231997120297,67.156342,605231929963955,5.04936703,5,settling,605231925850923,4.113032,0.16971917,0.0207570208,162,True,37.5,37.5,contact localized,0.0661,2.25358773,1.46931823,run_005,3.31123753
1,31.6568359,2.46849461,run_009,5,40,605231997120297,33.761606,605231963358691,5.58454141,5,settling,605231955862594,7.496097,0.199023199,0.0207570208,162,True,37.5,37.5,contact localized,0.0661,2.69691646,1.46931823,run_005,3.96262852
1,31.6905975,2.50225621,run_009,5,40,605231997120297,0,605231997120297,5.40094781,5,settling,605231995837159,1.283138,0.199023199,0.0207570208,162,True,37.5,37.5,contact localized,0.0661,2.69691646,1.46931823,run_005,3.96262852
1,31.7234278,2.53508653,run_009,5,40,605231997120297,32.830318,605232029950615,5.12225272,5,settling,605232026206235,3.74438,0.203907204,0.0207570208,162,True,37.5,37.9638561,contact localized,0.0656361439,2.79038609,1.46931823,run_005,4.09996515
1,31.7572376,2.56889638,run_009,5,40,605231997120297,66.640161,605232063760458,5.46003889,5,settling,605232055966001,7.794457,0.206349206,0.0207570208,162,True,37.5,38.4415517,contact localized,0.0651584483,2.84832114,1.46931823,run_005,4.18509017
1,31.7902236,2.6018824,run_009,5,40,605231997120297,99.626182,605232096746479,5.47387901,5,settling,605232095839620,0.906859,0.208791209,0.0207570208,162,True,37.5,38.9076077,contact localized,0.0646923923,2.90658888,1.46931823,run_005,4.27070402
1,31.8567491,2.66840785,run_009,5,40,605232230267902,66.995966,605232163271936,5.5945708,5,recording,605232155833390,7.438546,0.208791209,0.0207570208,162,True,40.7941176,39.8475388,contact localized,0.0637524612,2.94944202,1.46931823,run_005,4.33366892
1,31.8902283,2.70188702,run_009,5,40,605232230267902,33.516796,605232196751106,5.61387923,5,recording,605232195945430,0.805676,0.216117216,0.0207570208,162,True,40.7941176,40.3205624,contact localized,0.0632794376,3.08726188,1.46931823,run_005,4.53617015
1,31.9237451,2.73540382,run_009,5,40,605232230267902,0,605232230267902,5.69756905,5,recording,605232225857010,4.410892,0.216117216,0.0207570208,162,True,40.7941176,40.7941176,contact localized,0.0628058824,3.11053978,1.46931823,run_005,4.5703728
1,31.9570597,2.7687184,run_009,5,40,605232230267902,33.314584,605232263582486,5.47208063,5,recording,605232255870267,7.712219,0.221001221,0.0207570208,162,True,40.7941176,40.7941176,contact localized,0.0628058824,3.18830327,1.46931823,run_005,4.68463211
1,31.9902742,2.80193294,run_009,5,40,605232230267902,66.529121,605232296797023,5.40951086,5,recording,605232295853408,0.943615,0.218559219,0.0207570208,162,True,40.7941176,40.7941176,contact localized,0.0628058824,3.14942153,1.46931823,run_005,4.62750246
1,32.0237009,2.83535966,run_009,5,40,605232230267902,99.955845,605232330223747,5.52731988,5,recording,605232325921839,4.301908,0.221001221,0.0207570208,162,True,40.7941176,40.7941176,contact localized,0.0628058824,3.18830327,1.46931823,run_005,4.68463211
1,32.0579998,2.86965856,run_009,5,40,605232430346121,65.823481,605232364522640,5.48930047,5,recording,605232356055354,8.467286,0.218559219,0.0207570208,162,True,40.7941176,40.7941176,contact localized,0.0628058824,3.14942153,1.46931823,run_005,4.62750246
1,32.0904224,2.90208115,run_009,5,40,605232430346121,33.400888,605232396945233,5.60794351,5,recording,605232395846428,1.098805,0.221001221,0.0207570208,162,True,40.7941176,40.7941176,contact localized,0.0628058824,3.18830327,1.46931823,run_005,4.68463211
1,32.1238233,2.93548204,run_009,5,40,605232430346121,0,605232430346121,5.31977966,5,waiting_for_target,605232425854613,4.491508,0.216117216,0.0207570208,162,True,40.7941176,40.7941176,contact localized,0.0628058824,3.11053978,1.46931823,run_005,4.5703728
1,32.157125,2.96878371,run_009,5,40,605232430346121,33.301671,605232463647792,5.46633886,10,waiting_for_target,605232455941116,7.706676,0.218559219,0.0207570208,162,True,40.7941176,40.7941176,contact localized,0.0628058824,3.14942153,1.46931823,run_005,4.62750246
1,32.1905593,3.00221807,run_009,5,40,605232430346121,66.736027,605232497082148,5.38614868,10,waiting_for_target,605232495862235,1.219913,0.218559219,0.0207570208,162,True,40.7941176,40.7941176,contact localized,0.0628058824,3.14942153,1.46931823,run_005,4.62750246
1,32.2240608,3.03571956,run_009,5,40,605232630644849,100.061211,605232530583638,5.36448623,10,waiting_for_target,605232525858799,4.724839,0.221001221,0.0207570208,162,True,40.7941176,40.7941176,contact localized,0.0628058824,3.18830327,1.46931823,run_005,4.68463211
1,32.2572144,3.06887319,run_009,5,40,605232630644849,66.907572,605232563737277,5.38474944,10,waiting_for_target,605232555961789,7.775488,0.218559219,0.0207570208,162,True,40.7941176,40.7941176,contact localized,0.0628058824,3.14942153,1.46931823,run_005,4.62750246
1,32.290476,3.10213472,run_009,5,40,605232630644849,33.646042,605232596998807,5.2956022,10,waiting_for_target,605232595864149,1.134658,0.223443223,0.0207570208,162,True,40.7941176,40.7941176,contact localized,0.0628058824,3.22718502,1.46931823,run_005,4.74176177
1,32.324122,3.13578077,run_009,5,40,605232630644849,0,605232630644849,5.25892524,10,waiting_for_target,605232625853207,4.791642,0.221001221,0.0207570208,162,True,40.7941176,40.7941176,contact localized,0.0628058824,3.18830327,1.46931823,run_005,4.68463211
1,32.357354,3.16901276,run_009,5,40,605232630644849,33.231992,605232663876841,5.50874504,10,waiting_for_target,605232655885831,7.99101,0.221001221,0.0207570208,162,True,40.7941176,40.7941176,contact localized,0.0628058824,3.18830327,1.46931823,run_005,4.68463211
1,32.3910436,3.20270231,run_009,5,40,605232630644849,66.921547,605232697566396,6.22027335,10,waiting_for_target,605232695841434,1.724962,0.225885226,0.0207570208,162,True,40.7941176,40.7941176,contact localized,0.0628058824,3.26606677,1.46931823,run_005,4.79889143
1,32.4242587,3.23591747,run_009,5,40,605232630644849,100.136707,605232730781556,7.28351984,10,waiting_for_target,605232725870670,4.910886,0.272283272,0.0207570208,162,True,40.7941176,40.7941176,contact localized,0.0628058824,4.00481996,1.46931823,run_005,5.88435497
1,32.4573921,3.26905083,run_009,5,40,605232863934568,100.019658,605232763914910,8.65938638,10,waiting_for_target,605232755911669,8.003241,0.313797314,0.0207570208,162,True,40.7941176,40.7941176,contact localized,0.0628058824,4.66580967,1.46931823,run_005,6.85555919
1,32.4906798,3.30233857,run_009,5,40,605232863934568,66.731919,605232797202649,9.90612358,10,settling,605232795856368,1.346281,0.365079365,0.0207570208,162,True,40.7941176,40.7941176,contact localized,0.0628058824,5.48232636,1.46931823,run_005,8.05528205
1,32.5239564,3.33561512,run_009,5,40,605232863934568,33.455366,605232830479202,10.4637357,10,settling,605232825864996,4.614206,0.396825397,0.0207570208,162,True,40.7941176,40.7941176,contact localized,0.0628058824,5.98778907,1.46931823,run_005,8.79796763
1,32.5574117,3.36907048,run_009,5,40,605232863934568,0,605232863934568,10.4978511,10,settling,605232855891904,8.042664,0.421245421,0.0207570208,162,True,40.7941176,40.7941176,contact localized,0.0628058824,6.37660655,1.46931823,run_005,9.36926423
1,32.5907885,3.40244721,run_009,5,40,605232863934568,33.376722,605232897311290,11.0037997,10,waiting_for_target,605232895870234,1.441056,0.435897436,0.0207570208,162,True,40.7941176,40.7941176,contact localized,0.0628058824,6.60989703,1.46931823,run_005,9.71204219
1,32.624659,3.43631774,run_009,5,40,605232863934568,67.247252,605232931181820,11.6244161,10,waiting_for_target,605232925835034,5.346786,0.474969475,0.0207570208,162,True,40.7941176,40.7941176,contact localized,0.0628058824,7.23200498,1.46931823,run_005,10.6261167
1,32.6574887,3.46914743,run_009,5,40,605232863934568,100.076943,605232964011511,11.5859641,10,waiting_for_target,605232955851667,8.159844,0.48962149,0.0207570208,162,True,40.7941176,40.7941176,contact localized,0.0628058824,7.46529547,1.46931823,run_005,10.9688947
1,32.6908376,3.50249632,run_009,5,40,605233064194885,66.834484,605232997360401,11.6698777,10,waiting_for_target,605232995862713,1.497688,0.494505495,0.0207570208,162,True,40.7941176,40.7941176,invalid: response is spatially diffuse,0.0628058824,7.54305896,1.46931823,run_005,11.083154
1,32.7241836,3.53584234,run_009,5,40,605233064194885,33.488461,605233030706424,11.502009,10,waiting_for_target,605233025851771,4.854653,0.492063492,0.0207570208,162,True,40.7941176,40.7941176,invalid: response is spatially diffuse,0.0628058824,7.50417721,1.46931823,run_005,11.0260244
1,32.7576721,3.5693308,run_009,5,40,605233064194885,0,605233064194885,11.6044222,10,waiting_for_target,605233056417080,7.777805,0.494505495,0.0207570208,162,True,40.7941176,40.7941176,invalid: response is spatially diffuse,0.0628058824,7.54305896,1.46931823,run_005,11.083154
1,32.7909102,3.60256899,run_009,5,40,605233064194885,33.238185,605233097433070,11.3948413,10,waiting_for_target,605233095858581,1.574489,0.494505495,0.0207570208,162,True,40.7941176,40.7941176,invalid: response is spatially diffuse,0.0628058824,7.54305896,1.46931823,run_005,11.083154
1,32.8243962,3.63605494,run_009,5,40,605233064194885,66.72414,605233130919025,11.065667,10,waiting_for_target,605233125855488,5.063537,0.487179487,0.0207570208,162,True,40.7941176,40.7941176,invalid: response is spatially diffuse,0.0628058824,7.42641372,1.46931823,run_005,10.911765
1,32.8575875,3.66924628,run_009,5,40,605233064194885,99.915477,605233164110362,10.8880805,10,settling,605233155864010,8.246352,0.492063492,0.0207570208,162,True,40.7941176,40.7941176,invalid: response is spatially diffuse,0.0628058824,7.50417721,1.46931823,run_005,11.0260244
1,32.8911285,3.7027873,run_009,5,40,605233264196898,66.545517,605233197651381,10.9976181,10,settling,605233195862983,1.788398,0.48962149,0.0207570208,162,True,40.7941176,40.7941176,invalid: response is spatially diffuse,0.0628058824,7.46529547,1.46931823,run_005,10.9688947
1,32.9244081,3.73606683,run_009,5,40,605233264196898,33.265984,605233230930914,10.9815551,10,settling,605233226103064,4.82785,0.492063492,0.0207570208,162,True,40.7941176,40.7941176,invalid: response is spatially diffuse,0.0628058824,7.50417721,1.46931823,run_005,11.0260244
1,32.9576741,3.76933281,run_009,5,40,605233264196898,0,605233264196898,10.8161993,10,settling,605233255959727,8.237171,0.496947497,0.0207570208,162,True,40.7941176,40.7941176,invalid: response is spatially diffuse,0.0628058824,7.58194071,1.46931823,run_005,11.1402837
1,32.9913504,3.80300916,run_009,5,40,605233264196898,33.676347,605233297873245,10.7291948,10,settling,605233295873544,1.999701,0.48962149,0.0207570208,162,True,40.7941176,40.7941176,invalid: response is spatially diffuse,0.0628058824,7.46529547,1.46931823,run_005,10.9688947
1,33.0244024,3.83606115,run_009,5,40,605233264196898,66.72834,605233330925238,10.6411735,10,settling,605233325848978,5.07626,0.494505495,0.0207570208,162,True,40.7941176,40.7941176,invalid: response is spatially diffuse,0.0628058824,7.54305896,1.46931823,run_005,11.083154
1,33.0578487,3.86950747,run_009,5,40,605233464329985,99.958427,605233364371558,10.6171979,10,settling,605233355885990,8.485568,0.48962149,0.0207570208,162,True,40.7941176,40.7941176,invalid: response is spatially diffuse,0.0628058824,7.46529547,1.46931823,run_005,10.9688947
1,33.0912682,3.90292699,run_009,5,40,605233464329985,66.538908,605233397791077,10.5303094,10,settling,605233395862530,1.928547,0.499389499,0.0207570208,162,True,40.7941176,40.7941176,invalid: response is spatially diffuse,0.0628058824,7.62082246,1.46931823,run_005,11.1974133
1,33.1578072,3.9694659,run_009,5,40,605233464329985,0,605233464329985,10.606406,10,recording,605233455908851,8.421134,0.494505495,0.0207570208,162,True,40.7941176,40.7941176,invalid: response is spatially diffuse,0.0628058824,7.54305896,1.46931823,run_005,11.083154
1,33.1912743,4.00293309,run_009,5,40,605233464329985,33.46719,605233497797175,10.5982887,10,recording,605233495856598,1.940577,0.492063492,0.0207570208,162,True,40.7941176,40.7941176,invalid: response is spatially diffuse,0.0628058824,7.50417721,1.46931823,run_005,11.0260244
1,33.2245487,4.03620744,run_009,5,40,605233464329985,66.741536,605233531071521,10.4788075,10,recording,605233525857207,5.214314,0.492063492,0.0207570208,162,True,40.7941176,40.7941176,invalid: response is spatially diffuse,0.0628058824,7.50417721,1.46931823,run_005,11.0260244
1,33.2579072,4.06956592,run_009,5,40,605233464329985,100.100016,605233564430001,10.2564912,10,recording,605233555901096,8.528905,0.48962149,0.0207570208,162,True,40.7941176,40.7941176,invalid: response is spatially diffuse,0.0628058824,7.46529547,1.46931823,run_005,10.9688947
1,33.2920498,4.10370858,run_009,5,40,605233664567954,65.99529,605233598572664,10.1914608,10,recording,605233595838172,2.734492,0.492063492,0.0207570208,162,True,40.7941176,40.7941176,invalid: response is spatially diffuse,0.0628058824,7.50417721,1.46931823,run_005,11.0260244
1,33.3251865,4.13684529,run_009,5,40,605233664567954,32.858583,605233631709371,9.76883749,10,recording,605233625853450,5.855921,0.492063492,0.0207570208,162,True,40.7941176,40.7941176,invalid: response is spatially diffuse,0.0628058824,7.50417721,1.46931823,run_005,11.0260244
1,33.3580451,4.16970387,run_009,5,40,605233664567954,0,605233664567954,9.55207655,10,recording,605233655853780,8.714174,0.492063492,0.0207570208,162,True,40.7941176,40.7941176,invalid: response is spatially diffuse,0.0628058824,7.50417721,1.46931823,run_005,11.0260244
1,33.392016,4.20367474,run_009,5,40,605233664567954,33.970868,605233698538822,9.44090131,10,recording,605233695884569,2.654253,0.492063492,0.0207570208,162,True,40.7941176,40.7941176,invalid: response is spatially diffuse,0.0628058824,7.50417721,1.46931823,run_005,11.0260244
1,33.4248683,4.23652707,run_009,5,40,605233664567954,66.823198,605233731391152,9.5907757,10,waiting_for_target,605233725839606,5.551546,0.48962149,0.0207570208,162,True,40.7941176,40.7941176,invalid: response is spatially diffuse,0.0628058824,7.46529547,1.46931823,run_005,10.9688947
1,33.4579986,4.26965736,run_009,5,40,605233664567954,99.953489,605233764521443,9.63252183,15,waiting_for_target,605233755873727,8.647716,0.494505495,0.0207570208,162,True,40.7941176,40.7941176,invalid: response is spatially diffuse,0.0628058824,7.54305896,1.46931823,run_005,11.083154
1,33.4922722,4.3039309,run_009,5,40,605233864642328,65.847346,605233798794982,9.56704684,15,waiting_for_target,605233795830369,2.964613,0.48962149,0.0207570208,162,True,40.7941176,40.7941176,invalid: response is spatially diffuse,0.0628058824,7.46529547,1.46931823,run_005,10.9688947
1,33.5248116,4.33647031,run_009,5,40,605233864642328,33.307931,605233831334397,9.57630485,15,waiting_for_target,605233825860472,5.473925,0.487179487,0.0207570208,162,True,40.7941176,40.7941176,invalid: response is spatially diffuse,0.0628058824,7.42641372,1.46931823,run_005,10.911765
1,33.5581195,4.36977825,run_009,5,40,605233864642328,0,605233864642328,9.70496046,15,waiting_for_target,605233855891660,8.750668,0.482295482,0.0207570208,162,True,40.7941176,40.7941176,invalid: response is spatially diffuse,0.0628058824,7.34865023,1.46931823,run_005,10.7975057
1,33.5914968,4.40315558,run_009,5,40,605233864642328,33.377332,605233898019660,10.0059153,15,waiting_for_target,605233895849294,2.170366,0.48962149,0.0207570208,162,True,40.7941176,40.7941176,invalid: response is spatially diffuse,0.0628058824,7.46529547,1.46931823,run_005,10.9688947
1,33.6248724,4.43653113,run_009,5,40,605233864642328,66.752885,605233931395213,10.9409713,15,waiting_for_target,605233925854214,5.540999,0.48962149,0.0207570208,162,True,40.7941176,40.7941176,invalid: response is spatially diffuse,0.0628058824,7.46529547,1.46931823,run_005,10.9688947
1,33.6581442,4.46980294,run_009,5,40,605233864642328,100.024699,605233964667027,11.12552,15,waiting_for_target,605233955898970,8.768057,0.492063492,0.0207570208,162,True,40.7941176,40.7941176,invalid: response is spatially diffuse,0.0628058824,7.50417721,1.46931823,run_005,11.0260244
1,33.6924986,4.50415738,run_009,5,40,605234064868307,65.846842,605233999021465,11.5134044,15,waiting_for_target,605233995869838,3.151627,0.487179487,0.0207570208,162,True,40.7941176,40.7941176,invalid: response is spatially diffuse,0.0628058824,7.42641372,1.46931823,run_005,10.911765
1,33.7249591,4.53661782,run_009,5,40,605234064868307,33.386403,605234031481904,12.4525676,15,waiting_for_target,605234025886724,5.59518,0.492063492,0.0207570208,162,True,40.7941176,40.7941176,invalid: response is spatially diffuse,0.0628058824,7.50417721,1.46931823,run_005,11.0260244
1,33.7583455,4.57000422,run_009,5,40,605234064868307,0,605234064868307,12.9819421,15,waiting_for_target,605234055890554,8.977753,0.516483516,0.0207570208,162,True,40.7941176,40.7941176,invalid: response is spatially diffuse,0.0628058824,7.89299469,1.46931823,run_005,11.597321
1,33.7917535,4.60341221,run_009,5,40,605234064868307,33.407987,605234098276294,13.6783285,15,settling,605234096217144,2.05915,0.572649573,0.0207570208,162,True,40.7941176,40.7941176,invalid: response is spatially diffuse,0.0628058824,8.78727487,1.46931823,run_005,12.9113031
1,33.8251058,4.63676458,run_009,5,40,605234064868307,66.760353,605234131628660,14.5424191,15,settling,605234125921275,5.707385,0.619047619,0.0207570208,162,True,40.7941176,40.7941176,invalid: response is spatially diffuse,0.0628058824,9.52602807,1.46931823,run_005,13.9967667
1,33.858474,4.67013274,run_009,5,40,605234265040176,100.04335,605234164996826,15.0619851,15,settling,605234155946441,9.050385,0.621489621,0.0207570208,162,True,40.7941176,40.7941176,invalid: response is spatially diffuse,0.0628058824,9.56490982,1.46931823,run_005,14.0538963
1,33.892528,4.70418676,run_009,5,40,605234265040176,65.989333,605234199050843,15.2118627,15,settling,605234195842344,3.208499,0.636141636,0.0207570208,162,True,40.7941176,40.7941176,invalid: response is spatially diffuse,0.0628058824,9.7982003,1.46931823,run_005,14.3966743
1,33.9250762,4.73673496,run_009,5,40,605234265040176,33.441137,605234231599039,15.4786727,15,settling,605234225858770,5.740269,0.643467643,0.0207570208,162,True,40.7941176,40.7941176,invalid: response is spatially diffuse,0.0628058824,9.91484554,1.46931823,run_005,14.5680633
1,33.9585173,4.77017609,run_009,5,40,605234265040176,0,605234265040176,15.4781554,15,settling,605234255888704,9.151472,0.638583639,0.0207570208,162,True,40.7941176,40.7941176,invalid: response is spatially diffuse,0.0628058824,9.83708205,1.46931823,run_005,14.453804
1,33.9919045,4.80356326,run_009,5,40,605234265040176,33.387167,605234298427343,15.7623724,15,settling,605234295853075,2.574268,0.638583639,0.0207570208,162,True,40.7941176,40.7941176,invalid: response is spatially diffuse,0.0628058824,9.83708205,1.46931823,run_005,14.453804
1,34.0254031,4.83706182,run_009,5,40,605234265040176,66.88573,605234331925906,15.5842581,15,settling,605234325933028,5.992878,0.645909646,0.0207570208,162,True,40.7941176,40.7941176,invalid: response is spatially diffuse,0.0628058824,9.95372729,1.46931823,run_005,14.6251929
1,34.058542,4.87020077,run_009,5,40,605234265040176,100.024681,605234365064857,15.7962304,15,recording,605234356137116,8.927741,0.653235653,0.0207570208,162,True,40.7941176,40.7941176,invalid: response is spatially diffuse,0.0628058824,10.0703725,1.46931823,run_005,14.7965819
1,34.0925549,4.90421369,run_009,5,40,605234465092183,66.014406,605234399077777,15.3532594,15,recording,605234395853203,3.224574,0.645909646,0.0207570208,162,True,40.7941176,40.7941176,invalid: response is spatially diffuse,0.0628058824,9.95372729,1.46931823,run_005,14.6251929
1,34.1252031,4.93686185,run_009,5,40,605234465092183,33.366252,605234431725931,15.4613892,15,recording,605234425856650,5.869281,0.655677656,0.0207570208,162,True,40.7941176,40.7941176,invalid: response is spatially diffuse,0.0628058824,10.1092543,1.46931823,run_005,14.8537116
1,34.1585694,4.9702281,run_009,5,40,605234465092183,0,605234465092183,15.3956458,15,recording,605234455899075,9.193108,0.643467643,0.0207570208,162,True,40.7941176,40.7941176,invalid: response is spatially diffuse,0.0628058824,9.91484554,1.46931823,run_005,14.5680633
1,34.1918834,5.00354212,run_009,5,40,605234465092183,33.314022,605234498406205,15.0759947,15,recording,605234495858943,2.547262,0.650793651,0.0207570208,162,True,40.7941176,40.7941176,invalid: response is spatially diffuse,0.0628058824,10.0314908,1.46931823,run_005,14.7394523
1,34.2254455,5.03710429,run_009,5,40,605234465092183,66.876189,605234531968372,15.1371005,15,recording,605234525904142,6.06423,0.655677656,0.0207570208,162,True,40.7941176,40.7941176,invalid: response is spatially diffuse,0.0628058824,10.1092543,1.46931823,run_005,14.8537116
1,34.2587949,5.07045367,run_009,5,40,605234665237221,99.919471,605234565317750,15.225818,15,recording,605234555868554,9.449196,0.643467643,0.0207570208,162,True,40.7941176,40.7941176,invalid: response is spatially diffuse,0.0628058824,9.91484554,1.46931823,run_005,14.5680633
1,34.2930166,5.10467534,run_009,5,40,605234665237221,65.697801,605234599539420,15.1733436,15,recording,605234595855493,3.683927,0.650793651,0.0207570208,162,True,40.7941176,40.7941176,invalid: response is spatially diffuse,0.0628058824,10.0314908,1.46931823,run_005,14.7394523
1,34.3254303,5.137089,run_009,5,40,605234665237221,33.284137,605234631953084,15.1490881,15,waiting_for_target,605234625870749,6.082335,0.648351648,0.0207570208,162,True,40.7941176,40.7941176,invalid: response is spatially diffuse,0.0628058824,9.99260904,1.46931823,run_005,14.6823226
1,34.3587144,5.17037314,run_009,5,40,605234665237221,0,605234665237221,14.9403555,20,waiting_for_target,605234655881454,9.355767,0.658119658,0.0207570208,162,True,40.7941176,40.7941176,invalid: response is spatially diffuse,0.0628058824,10.148136,1.46931823,run_005,14.9108412
1,34.3921313,5.20379009,run_009,5,40,605234665237221,33.41695,605234698654171,14.9984584,20,waiting_for_target,605234695847788,2.806383,0.650793651,0.0207570208,162,True,40.7941176,40.7941176,invalid: response is spatially diffuse,0.0628058824,10.0314908,1.46931823,run_005,14.7394523
1,34.4253837,5.23704247,run_009,5,40,605234665237221,66.669327,605234731906548,14.8798207,20,waiting_for_target,605234725865784,6.040764,0.655677656,0.0207570208,162,True,40.7941176,40.7941176,invalid: response is spatially diffuse,0.0628058824,10.1092543,1.46931823,run_005,14.8537116
1,34.4588231,5.27048183,run_009,5,40,605234865303720,99.95781,605234765345910,14.8016527,20,waiting_for_target,605234755901420,9.44449,0.648351648,0.0207570208,162,True,40.7941176,40.7941176,invalid: response is spatially diffuse,0.0628058824,9.99260904,1.46931823,run_005,14.6823226
1,34.4929259,5.30458462,run_009,5,40,605234865303720,65.855019,605234799448701,14.8380817,20,waiting_for_target,605234795877825,3.570876,0.655677656,0.0207570208,162,True,40.7941176,40.7941176,invalid: response is spatially diffuse,0.0628058824,10.1092543,1.46931823,run_005,14.8537116
1,34.5254398,5.33709851,run_009,5,40,605234865303720,33.341132,605234831962588,14.5291951,20,waiting_for_target,605234825871830,6.090758,0.650793651,0.0207570208,162,True,40.7941176,40.7941176,invalid: response is spatially diffuse,0.0628058824,10.0314908,1.46931823,run_005,14.7394523
1,34.5587809,5.37043964,run_009,5,40,605234865303720,0,605234865303720,14.8730511,20,waiting_for_target,605234855878569,9.425151,0.643467643,0.0207570208,162,True,40.7941176,40.7941176,invalid: response is spatially diffuse,0.0628058824,9.91484554,1.46931823,run_005,14.5680633
1,34.5921777,5.40383645,run_009,5,40,605234865303720,33.396809,605234898700529,15.5206702,20,waiting_for_target,605234895867843,2.832686,0.650793651,0.0207570208,162,True,40.7941176,40.7941176,invalid: response is spatially diffuse,0.0628058824,10.0314908,1.46931823,run_005,14.7394523
1,34.6257944,5.43745317,run_009,5,40,605234865303720,67.013537,605234932317257,16.2133194,20,waiting_for_target,605234925905929,6.411328,0.643467643,0.0207570208,162,True,40.7941176,40.7941176,invalid: response is spatially diffuse,0.0628058824,9.91484554,1.46931823,run_005,14.5680633
1,34.6588222,5.47048098,run_009,5,40,605234865303720,100.041339,605234965345059,16.903437,20,waiting_for_target,605234955880223,9.464836,0.655677656,0.0207570208,162,True,40.7941176,40.7941176,invalid: response is spatially diffuse,0.0628058824,10.1092543,1.46931823,run_005,14.8537116
1,34.6922554,5.50391415,run_009,5,40,605235065539341,66.761108,605234998778233,17.9001071,20,waiting_for_target,605234995854573,2.92366,0.672771673,0.0207570208,162,True,40.7941176,40.7941176,invalid: response is spatially diffuse,0.0628058824,10.3814265,1.46931823,run_005,15.2536192
1,34.7254836,5.53714238,run_009,5,40,605235065539341,33.532882,605235032006459,18.4037281,20,settling,605235025856293,6.150166,0.68009768,0.0207570208,162,True,40.7941176,40.7941176,invalid: response is spatially diffuse,0.0628058824,10.4980718,1.46931823,run_005,15.4250082
1,34.7590165,5.57067526,run_009,5,40,605235065539341,0,605235065539341,18.8496572,20,settling,605235055953211,9.58613,0.709401709,0.0207570208,162,True,40.7941176,40.7941176,invalid: response is spatially diffuse,0.0628058824,10.9646527,1.46931823,run_005,16.1105641
1,34.7925511,5.60420981,run_009,5,40,605235065539341,33.534555,605235099073896,18.6550793,20,settling,605235095844645,3.229251,0.765567766,0.0207570208,162,True,40.7941176,40.7941176,invalid: response is spatially diffuse,0.0628058824,11.8589329,1.46931823,run_005,17.4245463
1,34.825686,5.63734478,run_009,5,40,605235065539341,66.669524,605235132208865,19.4979576,20,settling,605235125832111,6.376754,0.792429792,0.0207570208,162,True,40.7941176,40.7941176,invalid: response is spatially diffuse,0.0628058824,12.2866321,1.46931823,run_005,18.0529725
1,34.8590932,5.67075195,run_009,5,40,605235065539341,100.076696,605235165616037,19.4969473,20,settling,605235155901633,9.714404,0.80952381,0.0207570208,162,True,40.7941176,40.7941176,invalid: response is spatially diffuse,0.0628058824,12.5588044,1.46931823,run_005,18.4528802
1,34.8923766,5.70403537,run_009,5,40,605235266015413,67.115963,605235198899450,20.0172219,20,settling,605235195856594,3.042856,0.819291819,0.0207570208,162,True,40.7941176,40.7941176,invalid: response is spatially diffuse,0.0628058824,12.7143313,1.46931823,run_005,18.6813988
1,34.925713,5.73737177,run_009,5,40,605235266015413,33.77956,605235232235853,20.2929751,20,settling,605235226246975,5.988878,0.816849817,0.0207570208,162,True,40.7941176,40.7941176,invalid: response is spatially diffuse,0.0628058824,12.6754496,1.46931823,run_005,18.6242691
1,34.9594926,5.77115133,run_009,5,40,605235266015413,0,605235266015413,20.0592542,20,settling,605235265849097,0.166316,0.819291819,0.0207570208,162,True,40.7941176,40.7941176,invalid: response is spatially diffuse,0.0628058824,12.7143313,1.46931823,run_005,18.6813988
1,34.9925448,5.80420355,run_009,5,40,605235266015413,33.052221,605235299067634,19.3844896,20,recording,605235295852199,3.215435,0.833943834,0.0207570208,162,True,40.7941176,40.7941176,invalid: response is spatially diffuse,0.0628058824,12.9476218,1.46931823,run_005,19.0241768
1,35.0257196,5.83737837,run_009,5,40,605235266015413,66.227036,605235332242449,19.1989883,20,recording,605235325849519,6.39293,0.836385836,0.0207570208,162,True,40.7941176,40.7941176,invalid: response is spatially diffuse,0.0628058824,12.9865036,1.46931823,run_005,19.0813064
1,35.0592933,5.87095204,run_009,5,40,605235266015413,99.800708,605235365816121,19.1879546,20,recording,605235355854492,9.961629,0.826617827,0.0207570208,162,True,40.7941176,40.7941176,invalid: response is spatially diffuse,0.0628058824,12.8309766,1.46931823,run_005,18.8527878
1,35.0926034,5.9042621,run_009,5,40,605235499211941,100.085758,605235399126183,19.0146534,20,recording,605235396050261,3.075922,0.833943834,0.0207570208,162,True,40.7941176,40.7941176,invalid: response is spatially diffuse,0.0628058824,12.9476218,1.46931823,run_005,19.0241768
1,35.1258395,5.93749827,run_009,5,40,605235499211941,66.849589,605235432362352,19.4164089,20,recording,605235425865318,6.497034,0.841269841,0.0207570208,162,True,40.7941176,40.7941176,invalid: response is spatially diffuse,0.0628058824,13.0642671,1.46931823,run_005,19.1955657
1,35.1591517,5.97081041,run_009,5,40,605235499211941,33.537447,605235465674494,19.5420215,20,recording,605235455871937,9.802557,0.829059829,0.0207570208,162,True,40.7941176,40.7941176,invalid: response is spatially diffuse,0.0628058824,12.8698583,1.46931823,run_005,18.9099174
1,35.1926891,6.00434786,run_009,5,40,605235499211941,0,605235499211941,20.0788575,20,recording,605235495862133,3.349808,0.831501832,0.0207570208,162,True,40.7941176,40.7941176,invalid: response is spatially diffuse,0.0628058824,12.9087401,1.46931823,run_005,18.9670471
1,35.2260745,6.0377332,run_009,5,40,605235499211941,33.385344,605235532597285,20.3971885,20,recording,605235525865733,6.731552,0.836385836,0.0207570208,162,True,40.7941176,40.7941176,invalid: response is spatially diffuse,0.0628058824,12.9865036,1.46931823,run_005,19.0813064
1,35.2592594,6.07091813,run_009,5,40,605235499211941,66.570276,605235565782217,20.6005667,20,release,605235555981009,9.801208,0.833943834,0.0207570208,162,True,40.7941176,40.7941176,invalid: response is spatially diffuse,0.0628058824,12.9476218,1.46931823,run_005,19.0241768
1,35.292696,6.1043547,run_009,5,40,605235499211941,100.006841,605235599218782,20.4545897,,release,605235595852748,3.366034,0.843711844,0.0207570208,162,True,40.7941176,40.7941176,invalid: response is spatially diffuse,0.0628058824,13.1031488,1.46931823,run_005,19.2526954
1,35.3269112,6.13856995,run_009,5,40,605235699293929,65.859892,605235633434037,20.6201827,,release,605235625849436,7.584601,0.829059829,0.0207570208,162,True,40.7941176,40.7941176,invalid: response is spatially diffuse,0.0628058824,12.8698583,1.46931823,run_005,18.9099174
1,35.3594664,6.17112512,run_009,5,40,605235699293929,33.30473,605235665989199,20.5218467,,release,605235665857806,0.131393,0.838827839,0.0207570208,162,True,40.7941176,40.7941176,invalid: response is spatially diffuse,0.0628058824,13.0253853,1.46931823,run_005,19.1384361
1,35.3927711,6.20442985,run_009,5,40,605235699293929,0,605235699293929,20.1070743,,release,605235695856942,3.436987,0.833943834,0.0207570208,162,True,40.7941176,40.7941176,invalid: response is spatially diffuse,0.0628058824,12.9476218,1.46931823,run_005,19.0241768
1,35.4261324,6.23779112,run_009,5,40,605235699293929,33.361278,605235732655207,20.3486442,,release,605235725899278,6.755929,0.829059829,0.0207570208,162,True,40.7941176,40.7941176,invalid: response is spatially diffuse,0.0628058824,12.8698583,1.46931823,run_005,18.9099174
1,35.4594979,6.27115667,run_009,5,40,605235699293929,66.726827,605235766020756,20.1461403,,release,605235765853414,0.167342,0.838827839,0.0207570208,162,True,40.7941176,40.7941176,invalid: response is spatially diffuse,0.0628058824,13.0253853,1.46931823,run_005,19.1384361
1,35.4929888,6.30464755,run_009,5,40,605235899499790,99.988154,605235799511636,19.1912637,,release,605235795808055,3.703581,0.843711844,0.0207570208,162,True,40.7941176,40.7941176,invalid: response is spatially diffuse,0.0628058824,13.1031488,1.46931823,run_005,19.2526954
1,35.5269057,6.33856442,run_009,5,40,605235899499790,66.071289,605235833428501,18.3678055,,release,605235825861331,7.56717,0.836385836,0.0207570208,162,True,40.7941176,40.7941176,invalid: response is spatially diffuse,0.0628058824,12.9865036,1.46931823,run_005,19.0813064
1,35.5594071,6.37106586,run_009,5,40,605235899499790,33.56985,605235865929940,17.168176,,release,605235865852931,0.077009,0.851037851,0.0207570208,162,True,40.7941176,40.7941176,invalid: response is spatially diffuse,0.0628058824,13.2197941,1.46931823,run_005,19.4240844
1,35.592977,6.40463571,run_009,5,40,605235899499790,0,605235899499790,16.2334039,,release,605235895851143,3.648647,0.841269841,0.0207570208,162,True,40.7941176,40.7941176,invalid: response is spatially diffuse,0.0628058824,13.0642671,1.46931823,run_005,19.1955657
1,35.6263401,6.43799889,run_009,5,40,605235899499790,33.36318,605235932862970,14.4055028,,release,605235925885201,6.977769,0.836385836,0.0207570208,162,True,40.7941176,40.7941176,invalid: response is spatially diffuse,0.0628058824,12.9865036,1.46931823,run_005,19.0813064
1,35.6598504,6.47150912,run_009,5,40,605235899499790,66.873409,605235966373199,12.7846874,,release,605235965853390,0.519809,0.802197802,0.0207570208,162,True,40.7941176,40.7941176,invalid: response is spatially diffuse,0.0628058824,12.4421591,1.46931823,run_005,18.2814912
1,35.6930321,6.50469087,run_009,5,40,605236099593146,100.038196,605235999554950,11.2273503,,release,605235995848151,3.706799,0.807081807,0.0207570208,162,True,40.7941176,40.7941176,invalid: response is spatially diffuse,0.0628058824,12.5199226,1.46931823,run_005,18.3957505
1,35.727083,6.53874179,run_009,5,40,605236099593146,65.987278,605236033605868,8.88340675,,release,605236025926234,7.679634,0.714285714,0.0207570208,162,True,40.7941176,40.7941176,invalid: response is spatially diffuse,0.0628058824,11.0424162,1.46931823,run_005,16.2248234
1,35.7596709,6.57132965,run_009,5,40,605236099593146,33.399416,605236066193730,6.29609706,,release,605236065851001,0.342729,0.514041514,0.0207570208,162,True,40.7941176,40.7941176,invalid: response is spatially diffuse,0.0628058824,7.85411294,1.46931823,run_005,11.5401913
1,35.7930703,6.60472906,run_009,5,40,605236099593146,0,605236099593146,4.74564536,,release,605236095894499,3.698647,0.365079365,0.0207570208,162,True,40.7941176,40.7941176,invalid: response is spatially diffuse,0.0628058824,5.48232636,1.46931823,run_005,8.05528205
1,35.8263805,6.63803929,run_009,5,40,605236099593146,33.310228,605236132903374,3.9323963,,release,605236125865971,7.037403,0.313797314,0.0207570208,162,True,40.7941176,40.7941176,invalid: response is spatially diffuse,0.0628058824,4.66580967,1.46931823,run_005,6.85555919
1,35.8597257,6.6713844,run_009,5,40,605236099593146,66.655338,605236166248484,3.18734253,,release,605236166200354,0.04813,0.26984127,0.0207570208,162,True,40.7941176,40.7941176,invalid: response is spatially diffuse,0.0628058824,3.96593822,1.46931823,run_005,5.82722531
1,35.8935944,6.7052531,run_009,5,40,605236299735160,99.617973,605236200117187,3.15318083,,release,605236195849481,4.267706,0.267399267,0.0207570208,162,True,40.7941176,40.7941176,invalid: response is spatially diffuse,0.0628058824,3.92705647,1.46931823,run_005,5.77009565
1,35.9271767,6.73883541,run_009,5,40,605236299735160,66.035667,605236233699493,2.81819496,,release,605236225854399,7.845094,0.26007326,0.0207570208,162,True,40.7941176,40.7941176,invalid: response is spatially diffuse,0.0628058824,3.81041123,1.46931823,run_005,5.59870667
1,35.9597336,6.77139236,run_009,5,40,605236299735160,33.478716,605236266256444,2.5157013,,release,605236265852934,0.40351,0.230769231,0.0207570208,162,True,40.7941176,40.7941176,invalid: response is spatially diffuse,0.0628058824,3.34383026,1.46931823,run_005,4.91315075
1,35.9932123,6.80487108,run_009,5,40,605236299735160,0,605236299735160,2.39334967,,release,605236295858122,3.877038,0.230769231,0.0207570208,162,True,40.7941176,40.7941176,invalid: response is spatially diffuse,0.0628058824,3.34383026,1.46931823,run_005,4.91315075
1,36.026519,6.83817778,run_009,5,40,605236299735160,33.306706,605236333041866,2.27383793,,release,605236325860288,7.181578,0.216117216,0.0207570208,162,True,40.7941176,40.7941176,invalid: response is spatially diffuse,0.0628058824,3.11053978,1.46931823,run_005,4.5703728
1,36.0598439,6.87150262,run_009,5,40,605236299735160,66.631543,605236366366703,2.05566131,,release,605236365858550,0.508153,0.186813187,0.0207570208,162,True,40.7941176,40.7941176,invalid: response is spatially diffuse,0.0628058824,2.64395881,1.46931823,run_005,3.88481688
1,36.1265255,6.93818428,run_009,5,40,605236299735160,133.313206,605236433048366,1.90923478,,release,605236426189355,6.859011,0.174603175,0.0207570208,162,True,40.7941176,40.7941176,invalid: response is spatially diffuse,0.0628058824,2.44955008,1.46931823,run_005,3.59916858
1,36.1598914,0,run_010,6,50,605243805105179,0,605243805105179,0.680477509,2,waiting_for_target,605243795891329,9.21385,0.0231990232,0.0183150183,164,False,,45.9705882,no contact: insufficient optical evidence,0.0576294118,0.0847484771,1.46931823,run_005,0.124522482
1,36.1931776,0.033286191,run_010,6,50,605243805105179,33.286191,605243838391370,0.853984024,2,waiting_for_target,605243835853128,2.538242,0.0183150183,0.0183150183,164,False,,45.9705882,no contact: insufficient optical evidence,0.0576294118,0,1.46931823,run_005,0
1,36.2266981,0.066806699,run_010,6,50,605243805105179,66.806699,605243871911878,0.721213256,2,waiting_for_target,605243865940936,5.970942,0.0183150183,0.0183150183,164,False,,45.9705882,no contact: insufficient optical evidence,0.0576294118,0,1.46931823,run_005,0
1,36.2600738,0.100182334,run_010,6,50,605244005218609,99.931096,605243905287513,0.680762678,2,waiting_for_target,605243895884167,9.403346,0.0183150183,0.0183150183,164,False,,45.9705882,no contact: insufficient optical evidence,0.0576294118,0,1.46931823,run_005,0
1,36.2934975,0.133606056,run_010,6,50,605244005218609,66.507374,605243938711235,0.735746532,2,waiting_for_target,605243935848268,2.862967,0.010989011,0.0183150183,164,False,,45.9705882,no contact: insufficient optical evidence,0.0576294118,-0.127122716,1.46931823,run_005,0
1,36.3266953,0.166803837,run_010,6,50,605244005218609,33.309593,605243971909016,0.635825895,2,waiting_for_target,605243965858258,6.050758,0.0207570208,0.0183150183,164,False,,45.9705882,no contact: insufficient optical evidence,0.0576294118,0.0423742386,1.46931823,run_005,0.0622612411
1,36.3600049,0.20011343,run_010,6,50,605244005218609,0,605244005218609,0.618781732,2,waiting_for_target,605243995887453,9.331156,0.0231990232,0.0183150183,164,False,,45.9705882,no contact: insufficient optical evidence,0.0576294118,0.0847484771,1.46931823,run_005,0.124522482
1,36.3935217,0.233630288,run_010,6,50,605244005218609,33.516858,605244038735467,0.557156599,2,waiting_for_target,605244035842354,2.893113,0.0134310134,0.0183150183,164,False,,45.9705882,no contact: insufficient optical evidence,0.0576294118,-0.0847484771,1.46931823,run_005,0
1,36.4268258,0.266934334,run_010,6,50,605244005218609,66.820904,605244072039513,0.651596955,2,waiting_for_target,605244065846091,6.193422,0.0231990232,0.0183150183,164,False,,45.9705882,no contact: insufficient optical evidence,0.0576294118,0.0847484771,1.46931823,run_005,0.124522482
1,36.4601396,0.300248135,run_010,6,50,605244205423266,100.069952,605244105353314,0.660779253,2,waiting_for_target,605244095875730,9.477584,0.0207570208,0.0183150183,164,False,,45.9705882,no contact: insufficient optical evidence,0.0576294118,0.0423742386,1.46931823,run_005,0.0622612411
1,36.4934226,0.333531119,run_010,6,50,605244205423266,66.786968,605244138636298,0.639333209,2,waiting_for_target,605244135869945,2.766353,0.0183150183,0.0183150183,164,False,,45.9705882,no contact: insufficient optical evidence,0.0576294118,0,1.46931823,run_005,0
1,36.5268689,0.366977482,run_010,6,50,605244205423266,33.340605,605244172082661,0.589048739,2,waiting_for_target,605244165835704,6.246957,0.0134310134,0.0183150183,164,False,,45.9705882,no contact: insufficient optical evidence,0.0576294118,-0.0847484771,1.46931823,run_005,0
1,36.5602095,0.400318087,run_010,6,50,605244205423266,0,605244205423266,0.654137337,2,waiting_for_target,605244195871726,9.55154,0.0231990232,0.0183150183,164,False,,45.9705882,no contact: insufficient optical evidence,0.0576294118,0.0847484771,1.46931823,run_005,0.124522482
1,36.5934801,0.433588616,run_010,6,50,605244205423266,33.270529,605244238693795,0.663505201,2,waiting_for_target,605244235840738,2.853057,0.0183150183,0.0183150183,164,False,,45.9705882,no contact: insufficient optical evidence,0.0576294118,0,1.46931823,run_005,0
1,36.6271667,0.467275302,run_010,6,50,605244205423266,66.957215,605244272380481,0.5467929,2,waiting_for_target,605244265860416,6.520065,0.0207570208,0.0183150183,164,False,,45.9705882,no contact: insufficient optical evidence,0.0576294118,0.0423742386,1.46931823,run_005,0.0622612411
1,36.6602986,0.500407174,run_010,6,50,605244405532541,100.020188,605244305512353,0.667714091,2,waiting_for_target,605244295859790,9.652563,0.0207570208,0.0183150183,164,False,,45.9705882,no contact: insufficient optical evidence,0.0576294118,0.0423742386,1.46931823,run_005,0.0622612411
1,36.6936285,0.533737058,run_010,6,50,605244405532541,66.690304,605244338842237,0.64001051,2,waiting_for_target,605244335854720,2.987517,0.0207570208,0.0183150183,164,False,,45.9705882,no contact: insufficient optical evidence,0.0576294118,0.0423742386,1.46931823,run_005,0.0622612411
1,36.7269701,0.567078678,run_010,6,50,605244405532541,33.348684,605244372183857,0.662231423,2,waiting_for_target,605244365867084,6.316773,0.010989011,0.0183150183,164,False,,45.9705882,no contact: insufficient optical evidence,0.0576294118,-0.127122716,1.46931823,run_005,0
1,36.7603188,0.600427362,run_010,6,50,605244405532541,0,605244405532541,0.697186126,2,waiting_for_target,605244395920590,9.611951,0.010989011,0.0183150183,164,False,,45.9705882,no contact: insufficient optical evidence,0.0576294118,-0.127122716,1.46931823,run_005,0
1,36.7939683,0.634076844,run_010,6,50,605244405532541,33.649482,605244439182023,0.796545667,2,waiting_for_target,605244435855958,3.326065,0.0158730159,0.0183150183,164,False,,45.9705882,no contact: insufficient optical evidence,0.0576294118,-0.0423742386,1.46931823,run_005,0
1,36.8270043,0.667112854,run_010,6,50,605244405532541,66.685492,605244472218033,0.691312684,2,waiting_for_target,605244465985984,6.232049,0.0256410256,0.0183150183,164,False,,45.9705882,no contact: insufficient optical evidence,0.0576294118,0.127122716,1.46931823,run_005,0.186783723
1,36.8606909,0.700799445,run_010,6,50,605244606123345,100.218721,605244505904624,0.676554611,2,waiting_for_target,605244495910994,9.99363,0.0134310134,0.0183150183,164,False,,45.9705882,no contact: insufficient optical evidence,0.0576294118,-0.0847484771,1.46931823,run_005,0
1,36.8936557,0.733764219,run_010,6,50,605244606123345,67.253947,605244538869398,0.648572403,2,waiting_for_target,605244535834614,3.034784,0.0134310134,0.0183150183,164,False,,45.9705882,no contact: insufficient optical evidence,0.0576294118,-0.0847484771,1.46931823,run_005,0
1,36.9270556,0.767164213,run_010,6,50,605244606123345,33.853953,605244572269392,0.684806789,2,waiting_for_target,605244566263993,6.005399,0.00854700855,0.0183150183,164,False,,45.9705882,no contact: insufficient optical evidence,0.0576294118,-0.169496954,1.46931823,run_005,0
1,36.9609096,0.801018166,run_010,6,50,605244606123345,0,605244606123345,0.714039263,2,waiting_for_target,605244605862335,0.26101,0.0134310134,0.0183150183,164,False,,45.9705882,no contact: insufficient optical evidence,0.0576294118,-0.0847484771,1.46931823,run_005,0
1,36.9938924,0.834000981,run_010,6,50,605244606123345,32.982815,605244639106160,0.643144456,2,waiting_for_target,605244636113215,2.992945,0.0158730159,0.0183150183,164,False,,45.9705882,no contact: insufficient optical evidence,0.0576294118,-0.0423742386,1.46931823,run_005,0
1,37.0271629,0.867271479,run_010,6,50,605244606123345,66.253313,605244672376658,0.719893569,2,waiting_for_target,605244665863061,6.513597,0.0183150183,0.0183150183,164,False,,45.9705882,no contact: insufficient optical evidence,0.0576294118,0,1.46931823,run_005,0
1,37.0606154,0.900723927,run_010,6,50,605244606123345,99.705761,605244705829106,0.697146105,2,waiting_for_target,605244695839912,9.989194,0.0207570208,0.0183150183,164,False,,45.9705882,no contact: insufficient optical evidence,0.0576294118,0.0423742386,1.46931823,run_005,0.0622612411
1,37.0939481,0.934056656,run_010,6,50,605244839286995,100.12516,605244739161835,0.678434185,2,waiting_for_target,605244735981925,3.17991,0.0134310134,0.0183150183,164,False,,45.9705882,no contact: insufficient optical evidence,0.0576294118,-0.0847484771,1.46931823,run_005,0
1,37.1272707,0.967379296,run_010,6,50,605244839286995,66.80252,605244772484475,0.629219764,2,waiting_for_target,605244765860792,6.623683,0.0354090354,0.0183150183,164,False,,45.9705882,no contact: insufficient optical evidence,0.0576294118,0.29661967,1.46931823,run_005,0.435828688
1,37.160651,1.00075952,run_010,6,50,605244839286995,33.422295,605244805864700,0.769220172,2,waiting_for_target,605244805829435,0.035265,0.0207570208,0.0183150183,164,False,,45.9705882,no contact: insufficient optical evidence,0.0576294118,0.0423742386,1.46931823,run_005,0.0622612411
1,37.1940733,1.03418182,run_010,6,50,605244839286995,0,605244839286995,0.670153463,2,waiting_for_target,605244835853961,3.433034,0.010989011,0.0183150183,164,False,,45.9705882,no contact: insufficient optical evidence,0.0576294118,-0.127122716,1.46931823,run_005,0
1,37.2273092,1.06741776,run_010,6,50,605244839286995,33.235946,605244872522941,0.573894726,2,waiting_for_target,605244865852921,6.67002,0.0183150183,0.0183150183,164,False,,45.9705882,no contact: insufficient optical evidence,0.0576294118,0,1.46931823,run_005,0
1,37.2607089,1.1008175,run_010,6,50,605244839286995,66.635689,605244905922684,0.622340604,2,waiting_for_target,605244905889940,0.032744,0.0158730159,0.0183150183,164,False,,45.9705882,no contact: insufficient optical evidence,0.0576294118,-0.0423742386,1.46931823,run_005,0
1,37.2940451,1.13415364,run_010,6,50,605244839286995,99.971824,605244939258819,0.551677959,2,waiting_for_target,605244935857181,3.401638,0.0134310134,0.0183150183,164,False,,45.9705882,no contact: insufficient optical evidence,0.0576294118,-0.0847484771,1.46931823,run_005,0
1,37.3283736,1.16848213,run_010,6,50,605245039317127,65.729815,605244973587312,0.694039307,2,waiting_for_target,605244965864883,7.722429,0.0158730159,0.0183150183,164,False,,45.9705882,no contact: insufficient optical evidence,0.0576294118,-0.0423742386,1.46931823,run_005,0
1,37.3609022,1.20101076,run_010,6,50,605245039317127,33.201191,605245006115936,0.927788483,2,waiting_for_target,605245005866312,0.249624,0.0183150183,0.0183150183,164,False,,45.9705882,no contact: insufficient optical evidence,0.0576294118,0,1.46931823,run_005,0
1,37.3941034,1.23421195,run_010,6,50,605245039317127,0,605245039317127,0.175824463,2,waiting_for_target,605245035854299,3.462828,0.0207570208,0.0183150183,164,False,,45.9705882,no contact: insufficient optical evidence,0.0576294118,0.0423742386,1.46931823,run_005,0.0622612411
1,37.4608547,1.30096328,run_010,6,50,605245039317127,66.751335,605245106068462,0.401873139,2,waiting_for_target,605245105853281,0.215181,0.0183150183,0.0183150183,164,False,,45.9705882,no contact: insufficient optical evidence,0.0576294118,0,1.46931823,run_005,0
1,37.4943459,1.3344545,run_010,6,50,605245239398110,99.838433,605245139559677,0.228924812,2,waiting_for_target,605245135854658,3.705019,0.0207570208,0.0183150183,164,False,,45.9705882,no contact: insufficient optical evidence,0.0576294118,0.0423742386,1.46931823,run_005,0.0622612411
1,37.527524,1.36763253,run_010,6,50,605245239398110,66.660401,605245172737709,0.385793006,2,waiting_for_target,605245165842287,6.895422,0.00854700855,0.0183150183,164,False,,45.9705882,no contact: insufficient optical evidence,0.0576294118,-0.169496954,1.46931823,run_005,0
1,37.5941844,1.43429293,run_010,6,50,605245239398110,0,605245239398110,0.437630899,2,waiting_for_target,605245235861686,3.536424,0.0231990232,0.0183150183,164,False,,45.9705882,no contact: insufficient optical evidence,0.0576294118,0.0847484771,1.46931823,run_005,0.124522482
1,37.6276288,1.46773738,run_010,6,50,605245239398110,33.444451,605245272842561,0.762686382,2,waiting_for_target,605245265836690,7.005871,0.0231990232,0.0183150183,164,False,,45.9705882,no contact: insufficient optical evidence,0.0576294118,0.0847484771,1.46931823,run_005,0.124522482
1,37.6609363,1.5010449,run_010,6,50,605245239398110,66.751971,605245306150081,0.494803414,2,waiting_for_target,605245305835911,0.31417,0.0134310134,0.0183150183,164,False,,45.9705882,no contact: insufficient optical evidence,0.0576294118,-0.0847484771,1.46931823,run_005,0
1,37.6943033,1.53441191,run_010,6,50,605245239398110,100.118981,605245339517091,0.29676498,2,waiting_for_target,605245335833849,3.683242,0.0207570208,0.0183150183,164,False,,45.9705882,no contact: insufficient optical evidence,0.0576294118,0.0423742386,1.46931823,run_005,0.0622612411
1,37.7277258,1.56783437,run_010,6,50,605245439636189,66.696639,605245372939550,0.294577365,2,waiting_for_target,605245365854350,7.0852,0.0183150183,0.0183150183,164,True,45.9705882,45.9705882,contact localized,0.0576294118,0,1.46931823,run_005,0
1,37.761119,1.60122752,run_010,6,50,605245439636189,33.303491,605245406332698,0.506293363,2,waiting_for_target,605245405877528,0.45517,0.0183150183,0.0183150183,164,True,45.9705882,45.9705882,contact localized,0.0576294118,0,1.46931823,run_005,0
1,37.7944224,1.63453101,run_010,6,50,605245439636189,0,605245439636189,0.780344839,2,waiting_for_target,605245435873602,3.762587,0.0231990232,0.0183150183,164,True,45.9705882,45.9705882,contact localized,0.0576294118,0.0847484771,1.46931823,run_005,0.124522482
1,37.8277687,1.66787725,run_010,6,50,605245439636189,33.346238,605245472982427,2.04017212,2,settling,605245465864156,7.118271,0.0280830281,0.0183150183,164,True,45.9705882,45.9313749,contact localized,0.0576686251,0.1693817,1.46931823,run_005,0.24887562
1,37.8612169,1.70132545,run_010,6,50,605245439636189,66.794437,605245506430626,2.27940365,2,settling,605245505830594,0.600032,0.0305250305,0.0183150183,164,True,45.9705882,45.8920417,contact localized,0.0577079583,0.211582814,1.46931823,run_005,0.310882486
1,37.8945149,1.73462344,run_010,6,50,605245639725803,99.997186,605245539728617,1.38949091,2,settling,605245535856214,3.872403,0.0207570208,0.0183150183,164,True,45.7352941,45.8528852,contact localized,0.0577471148,0.0422878693,1.46931823,run_005,0.0621343371
1,37.9277924,1.76790098,run_010,6,50,605245639725803,66.719646,605245573006157,1.21697602,2,settling,605245565852544,7.153613,0.0207570208,0.0183150183,164,True,45.7352941,45.8137527,contact localized,0.0577862473,0.0422592322,1.46931823,run_005,0.0620922601
1,37.9611819,1.80129047,run_010,6,50,605245639725803,33.330151,605245606395652,1.5861763,2,settling,605245605945338,0.450314,0.0280830281,0.0183150183,164,True,45.7352941,45.7744885,contact localized,0.0578255115,0.168922151,1.46931823,run_005,0.248200395
1,37.9945121,1.83462062,run_010,6,50,605245639725803,0,605245639725803,2.04640142,2,settling,605245635846908,3.878895,0.0280830281,0.0183150183,164,True,45.7352941,45.7352941,contact localized,0.0578647059,0.168807732,1.46931823,run_005,0.248032278
1,38.028003,1.86811152,run_010,6,50,605245639725803,33.490897,605245673216700,2.61456051,2,settling,605245665834829,7.381871,0.0280830281,0.0183150183,164,True,45.7352941,45.7352941,contact localized,0.0578647059,0.168807732,1.46931823,run_005,0.248032278
1,38.0615182,1.90162673,run_010,6,50,605245639725803,67.006104,605245706731907,2.72304216,2,settling,605245705859618,0.872289,0.0451770452,0.0183150183,164,True,45.7352941,45.7352941,contact localized,0.0578647059,0.464221263,1.46931823,run_005,0.682088764
1,38.0945924,1.93470094,run_010,6,50,605245639725803,100.080315,605245739806118,2.55078353,2,recording,605245735863508,3.94261,0.0525030525,0.0183150183,164,True,45.7352941,45.7352941,contact localized,0.0578647059,0.590827062,1.46931823,run_005,0.868112972
1,38.1280331,1.96814171,run_010,6,50,605245839935565,66.688675,605245773246890,2.47400803,2,recording,605245766158965,7.087925,0.0573870574,0.0183150183,164,True,45.7352941,45.7352941,contact localized,0.0578647059,0.675230928,1.46931823,run_005,0.992129111
1,38.1614058,2.00151432,run_010,6,50,605245839935565,33.316062,605245806619503,2.54884028,2,recording,605245805854202,0.765301,0.0402930403,0.0183150183,164,True,45.7352941,45.7352941,contact localized,0.0578647059,0.379817397,1.46931823,run_005,0.558072625
1,38.1947218,2.03483039,run_010,6,50,605245839935565,0,605245839935565,2.50143729,2,recording,605245835851446,4.084119,0.0549450549,0.0183150183,164,True,45.7352941,45.7352941,contact localized,0.0578647059,0.633028995,1.46931823,run_005,0.930121042
1,38.2280243,2.06813284,run_010,6,50,605245839935565,33.302456,605245873238021,2.44784934,2,recording,605245865854074,7.383947,0.0476190476,0.0183150183,164,True,45.7352941,45.7352941,contact localized,0.0578647059,0.506423196,1.46931823,run_005,0.744096833
1,38.2616721,2.10178065,run_010,6,50,605245839935565,66.950268,605245906885833,2.53653088,2,recording,605245905849710,1.036123,0.0549450549,0.0183150183,164,True,45.7352941,45.7352941,contact localized,0.0578647059,0.633028995,1.46931823,run_005,0.930121042
1,38.2947489,2.13485747,run_010,6,50,605245839935565,100.027081,605245939962646,2.61639222,2,recording,605245935937632,4.025014,0.0549450549,0.0183150183,164,True,45.7352941,45.7352941,contact localized,0.0578647059,0.633028995,1.46931823,run_005,0.930121042
1,38.328081,2.16818954,run_010,6,50,605246040074456,66.779739,605245973294717,2.73168487,2,recording,605245965870879,7.423838,0.0500610501,0.0183150183,164,True,45.7352941,45.7352941,contact localized,0.0578647059,0.548625129,1.46931823,run_005,0.806104903
1,38.3614925,2.20160108,run_010,6,50,605246040074456,33.368199,605246006706257,2.6745655,2,waiting_for_target,605246005854121,0.852136,0.0598290598,0.0183150183,164,True,45.7352941,45.7352941,contact localized,0.0578647059,0.717432861,1.46931823,run_005,1.05413718
1,38.3948607,2.23496928,run_010,6,50,605246040074456,0,605246040074456,2.69149747,5,waiting_for_target,605246035845225,4.229231,0.0598290598,0.0183150183,164,True,45.7352941,45.7352941,contact localized,0.0578647059,0.717432861,1.46931823,run_005,1.05413718
1,38.4281865,2.26829504,run_010,6,50,605246040074456,33.325767,605246073400223,2.69750248,5,waiting_for_target,605246065869010,7.531213,0.0622710623,0.0183150183,164,True,45.7352941,45.7352941,contact localized,0.0578647059,0.759634794,1.46931823,run_005,1.11614525
1,38.4615964,2.30170494,run_010,6,50,605246040074456,66.735664,605246106810120,2.5278842,5,waiting_for_target,605246105832890,0.97723,0.0622710623,0.0183150183,164,True,45.7352941,45.7352941,contact localized,0.0578647059,0.759634794,1.46931823,run_005,1.11614525
1,38.4948694,2.334978,run_010,6,50,605246040074456,100.00872,605246140083176,2.53714975,5,waiting_for_target,605246135857917,4.225259,0.0622710623,0.0183150183,164,True,45.7352941,45.7352941,contact localized,0.0578647059,0.759634794,1.46931823,run_005,1.11614525
1,38.528234,2.36834261,run_010,6,50,605246240595374,67.147587,605246173447787,2.59332058,5,waiting_for_target,605246165879027,7.56876,0.0598290598,0.0183150183,164,True,45.7352941,45.7352941,contact localized,0.0578647059,0.717432861,1.46931823,run_005,1.05413718
1,38.5615752,2.40168379,run_010,6,50,605246240595374,33.806409,605246206788965,2.4213407,5,waiting_for_target,605246205848616,0.940349,0.0598290598,0.0183150183,164,True,45.7352941,45.7352941,contact localized,0.0578647059,0.717432861,1.46931823,run_005,1.05413718
1,38.5953816,2.43549019,run_010,6,50,605246240595374,0,605246240595374,2.41576698,5,waiting_for_target,605246235860872,4.734502,0.0695970696,0.0183150183,164,True,45.7352941,45.7352941,contact localized,0.0578647059,0.886240593,1.46931823,run_005,1.30216946
1,38.628475,2.46858361,run_010,6,50,605246240595374,33.093412,605246273688786,2.41924303,5,waiting_for_target,605246265928623,7.760163,0.0622710623,0.0183150183,164,True,45.7352941,45.7352941,contact localized,0.0578647059,0.759634794,1.46931823,run_005,1.11614525
1,38.6617141,2.50182263,run_010,6,50,605246240595374,66.332432,605246306927806,2.74125226,5,waiting_for_target,605246305849477,1.078329,0.0573870574,0.0183150183,164,True,45.7352941,45.7352941,contact localized,0.0578647059,0.675230928,1.46931823,run_005,0.992129111
1,38.6951528,2.5352614,run_010,6,50,605246240595374,99.771209,605246340366583,2.63772633,5,waiting_for_target,605246335850107,4.516476,0.0549450549,0.0183150183,164,True,45.7352941,45.7352941,contact localized,0.0578647059,0.633028995,1.46931823,run_005,0.930121042
1,38.7283778,2.56848633,run_010,6,50,605246473618681,100.027168,605246373591513,2.82543394,5,waiting_for_target,605246365885118,7.706395,0.0525030525,0.0183150183,164,True,45.7352941,45.7352941,contact localized,0.0578647059,0.590827062,1.46931823,run_005,0.868112972
1,38.7620091,2.60211771,run_010,6,50,605246473618681,66.39579,605246407222891,2.98730602,5,waiting_for_target,605246405856536,1.366355,0.0598290598,0.0183150183,164,True,45.7352941,45.7352941,contact localized,0.0578647059,0.717432861,1.46931823,run_005,1.05413718
1,38.7950687,2.63517729,run_010,6,50,605246473618681,33.336214,605246440282467,3.29418019,5,waiting_for_target,605246435853357,4.42911,0.0647130647,0.0183150183,164,True,45.7352941,45.7352941,contact localized,0.0578647059,0.801836727,1.46931823,run_005,1.17815332
1,38.8284049,2.6685135,run_010,6,50,605246473618681,0,605246473618681,3.84500944,5,waiting_for_target,605246465925177,7.693504,0.0818070818,0.0183150183,164,True,45.7352941,45.7352941,contact localized,0.0578647059,1.09725026,1.46931823,run_005,1.61220981
1,38.8620094,2.70211793,run_010,6,50,605246473618681,33.604429,605246507223110,4.54357226,5,settling,605246505878540,1.34457,0.125763126,0.0183150183,164,True,45.7352941,45.7352941,contact localized,0.0578647059,1.85688505,1.46931823,run_005,2.72835506
1,38.895185,2.73529352,run_010,6,50,605246473618681,66.780016,605246540398697,4.84652111,5,settling,605246535854163,4.544534,0.142857143,0.0183150183,164,True,45.7352941,45.7352941,contact localized,0.0578647059,2.15229858,1.46931823,run_005,3.16241154
1,38.9285131,2.7686217,run_010,6,50,605246673816661,100.089786,605246573726875,5.16956168,5,settling,605246565937218,7.789657,0.147741148,0.0183150183,164,True,45.7352941,45.7352941,contact localized,0.0578647059,2.23670245,1.46931823,run_005,3.28642768
1,38.9621605,2.80226905,run_010,6,50,605246673816661,66.442431,605246607374230,5.19999193,5,settling,605246605866420,1.50781,0.157509158,0.0183150183,164,True,45.7352941,45.7352941,contact localized,0.0578647059,2.40551018,1.46931823,run_005,3.53445996
1,38.9953158,2.83542434,run_010,6,50,605246673816661,33.287138,605246640529523,5.27168985,5,settling,605246635865059,4.664464,0.15995116,0.0183150183,164,True,45.7352941,45.7352941,contact localized,0.0578647059,2.44771212,1.46931823,run_005,3.59646803
1,39.0286029,2.86871148,run_010,6,50,605246673816661,0,605246673816661,5.60018677,5,settling,605246665874790,7.941871,0.164835165,0.0183150183,164,True,45.7352941,45.7352941,contact localized,0.0578647059,2.53211598,1.46931823,run_005,3.72048417
1,39.0622617,2.90237031,run_010,6,50,605246673816661,33.65883,605246707475491,5.53260918,5,settling,605246705880356,1.595135,0.162393162,0.0183150183,164,True,45.7352941,45.7352941,contact localized,0.0578647059,2.48991405,1.46931823,run_005,3.6584761
1,39.0953624,2.93547092,run_010,6,50,605246673816661,66.759441,605246740576102,5.47479674,5,settling,605246735854711,4.721391,0.167277167,0.0183150183,164,True,45.7352941,45.7352941,contact localized,0.0578647059,2.57431791,1.46931823,run_005,3.78249224
1,39.1289153,2.96902383,run_010,6,50,605246873978183,99.849171,605246774129012,5.39783576,5,recording,605246765850480,8.278532,0.16971917,0.0183150183,164,True,45.7352941,45.7352941,contact localized,0.0578647059,2.61651985,1.46931823,run_005,3.84450031
1,39.1623432,3.00245172,run_010,6,50,605246873978183,66.421286,605246807556897,5.53144695,5,recording,605246806152812,1.404085,0.172161172,0.0183150183,164,True,45.7352941,45.7352941,contact localized,0.0578647059,2.65872178,1.46931823,run_005,3.90650838
1,39.1955339,3.03564245,run_010,6,50,605246873978183,33.23055,605246840747633,5.48898535,5,recording,605246835862367,4.885266,0.167277167,0.0183150183,164,True,45.7352941,45.7352941,contact localized,0.0578647059,2.57431791,1.46931823,run_005,3.78249224
1,39.2287644,3.068873,run_010,6,50,605246873978183,0,605246873978183,5.37919059,5,recording,605246865881295,8.096888,0.172161172,0.0183150183,164,True,45.7352941,45.7352941,contact localized,0.0578647059,2.65872178,1.46931823,run_005,3.90650838
1,39.262483,3.10259154,run_010,6,50,605246873978183,33.718537,605246907696720,5.40971576,5,recording,605246905859683,1.837037,0.172161172,0.0183150183,164,True,45.7352941,45.7352941,contact localized,0.0578647059,2.65872178,1.46931823,run_005,3.90650838
1,39.2954635,3.13557211,run_010,6,50,605246873978183,66.699108,605246940677291,5.42703675,5,recording,605246935855290,4.822001,0.172161172,0.0183150183,164,True,45.7352941,45.7352941,contact localized,0.0578647059,2.65872178,1.46931823,run_005,3.90650838
1,39.3288676,3.16897614,run_010,6,50,605247074155791,100.074473,605246974081318,5.4162915,5,recording,605246965868443,8.212875,0.16971917,0.0183150183,164,True,45.7352941,45.7352941,contact localized,0.0578647059,2.61651985,1.46931823,run_005,3.84450031
1,39.3626587,3.20276726,run_010,6,50,605247074155791,66.283356,605247007872435,5.45087049,5,recording,605247005851017,2.021418,0.172161172,0.0183150183,164,True,45.7352941,45.7352941,contact localized,0.0578647059,2.65872178,1.46931823,run_005,3.90650838
1,39.3955407,3.23564929,run_010,6,50,605247074155791,33.401319,605247040754472,5.56163806,5,waiting_for_target,605247035844745,4.909727,0.172161172,0.0183150183,164,True,45.7352941,45.7352941,contact localized,0.0578647059,2.65872178,1.46931823,run_005,3.90650838
1,39.428942,3.26905061,run_010,6,50,605247074155791,0,605247074155791,5.69875758,10,waiting_for_target,605247066081694,8.074097,0.172161172,0.0183150183,164,True,45.7352941,45.7352941,contact localized,0.0578647059,2.65872178,1.46931823,run_005,3.90650838
1,39.4635549,3.30366343,run_010,6,50,605247074155791,34.612818,605247108768609,5.57574309,10,waiting_for_target,605247105859760,2.908849,0.174603175,0.0183150183,164,True,45.7352941,45.7352941,contact localized,0.0578647059,2.70092371,1.46931823,run_005,3.96851644
1,39.4956019,3.33571045,run_010,6,50,605247074155791,66.659836,605247140815627,5.65597933,10,waiting_for_target,605247135847902,4.967725,0.174603175,0.0183150183,164,True,45.7352941,45.7352941,contact localized,0.0578647059,2.70092371,1.46931823,run_005,3.96851644
1,39.5289667,3.3690753,run_010,6,50,605247074155791,100.024692,605247174180483,5.68245946,10,waiting_for_target,605247165863803,8.31668,0.16971917,0.0183150183,164,True,45.7352941,45.7352941,contact localized,0.0578647059,2.61651985,1.46931823,run_005,3.84450031
1,39.5625215,3.40263003,run_010,6,50,605247274325213,66.590001,605247207735212,5.7027753,10,waiting_for_target,605247205855890,1.879322,0.172161172,0.0183150183,164,True,45.7352941,45.7352941,contact localized,0.0578647059,2.65872178,1.46931823,run_005,3.90650838
1,39.5957169,3.43582546,run_010,6,50,605247274325213,33.394578,605247240930635,5.87136855,10,waiting_for_target,605247235870176,5.060459,0.174603175,0.0183150183,164,True,45.7352941,45.7352941,contact localized,0.0578647059,2.70092371,1.46931823,run_005,3.96851644
1,39.6291115,3.46922003,run_010,6,50,605247274325213,0,605247274325213,5.78738401,10,waiting_for_target,605247265865808,8.459405,0.174603175,0.0183150183,164,True,45.7352941,45.7352941,contact localized,0.0578647059,2.70092371,1.46931823,run_005,3.96851644
1,39.6626808,3.50278936,run_010,6,50,605247274325213,33.569327,605247307894540,6.13974722,10,waiting_for_target,605247305859261,2.035279,0.177045177,0.0183150183,164,True,45.7352941,45.7352941,contact localized,0.0578647059,2.74312565,1.46931823,run_005,4.03052451
1,39.6957949,3.53590347,run_010,6,50,605247274325213,66.683435,605247341008648,6.63405524,10,waiting_for_target,605247335867706,5.140942,0.189255189,0.0183150183,164,True,45.7352941,45.7352941,contact localized,0.0578647059,2.95413531,1.46931823,run_005,4.34056486
1,39.7290869,3.56919546,run_010,6,50,605247274325213,99.975429,605247374300642,7.69604825,10,waiting_for_target,605247365868866,8.431776,0.221001221,0.0183150183,164,True,45.7352941,45.7352941,contact localized,0.0578647059,3.50276044,1.46931823,run_005,5.14666976
1,39.7625776,3.60268613,run_010,6,50,605247474449557,66.658243,605247407791314,8.50923016,10,waiting_for_target,605247405868619,1.922695,0.274725275,0.0183150183,164,True,45.7352941,45.7352941,contact localized,0.0578647059,4.43120297,1.46931823,run_005,6.51084729
1,39.8292358,3.66934438,run_010,6,50,605247474449557,0,605247474449557,9.6304302,10,settling,605247465861664,8.587893,0.291819292,0.0183150183,164,True,45.7352941,45.7352941,contact localized,0.0578647059,4.7266165,1.46931823,run_005,6.94490378
1,39.8628387,3.70294729,run_010,6,50,605247474449557,33.602913,605247508052470,9.99628621,10,settling,605247505866723,2.185747,0.306471306,0.0183150183,164,True,45.7352941,44.9448911,contact localized,0.0586551089,4.91272276,1.46931823,run_005,7.2183531
1,39.8961575,3.73626609,run_010,6,50,605247474449557,66.921708,605247541371265,10.2542493,10,settling,605247535840374,5.530891,0.308913309,0.0183150183,164,True,45.7352941,44.1611711,contact localized,0.0594388289,4.88903123,1.46931823,run_005,7.1835427
1,39.929255,3.76936359,run_010,6,50,605247474449557,100.019213,605247574468770,10.4710275,10,settling,605247565864059,8.604711,0.308913309,0.0183150183,164,True,45.7352941,43.3826563,contact localized,0.0602173437,4.8258238,1.46931823,run_005,7.09067088
1,39.9657577,3.80586624,run_010,6,50,605247674513775,63.542357,605247610971418,10.707986,10,settling,605247606077169,4.894249,0.318681319,0.0183150183,164,True,41.0294118,42.5240461,invalid: response is spatially diffuse,0.0610759539,4.91791419,1.46931823,run_005,7.22598097
1,39.9960318,3.83614032,run_010,6,50,605247674513775,33.268276,605247641245499,10.6177012,10,settling,605247635864099,5.3814,0.318681319,0.0183150183,164,True,41.0294118,41.8119435,invalid: response is spatially diffuse,0.0617880565,4.8612356,1.46931823,run_005,7.14270208
1,40.0293,3.8694086,run_010,6,50,605247674513775,0,605247674513775,10.719143,10,settling,605247665870122,8.643653,0.318681319,0.0183150183,164,True,41.0294118,41.0294118,invalid: response is spatially diffuse,0.0625705882,4.80043913,1.46931823,run_005,7.05337272
1,40.0630764,3.90318493,run_010,6,50,605247674513775,33.776332,605247708290107,10.3860689,10,settling,605247705866997,2.42311,0.326007326,0.0183150183,164,True,41.0294118,41.0294118,invalid: response is spatially diffuse,0.0625705882,4.91752301,1.46931823,run_005,7.2254062
1,40.0961665,3.93627511,run_010,6,50,605247674513775,66.866515,605247741380290,10.3668456,10,recording,605247735853636,5.526654,0.326007326,0.0183150183,164,True,41.0294118,41.0294118,invalid: response is spatially diffuse,0.0625705882,4.91752301,1.46931823,run_005,7.2254062
1,40.1294604,3.969569,run_010,6,50,605247874701918,100.02774,605247774674178,10.0886109,10,recording,605247765885595,8.788583,0.326007326,0.0183150183,164,True,41.0294118,41.0294118,invalid: response is spatially diffuse,0.0625705882,4.91752301,1.46931823,run_005,7.2254062
1,40.1629101,4.00301865,run_010,6,50,605247874701918,66.578091,605247808123827,10.0462407,10,recording,605247805856810,2.267017,0.323565324,0.0183150183,164,True,41.0294118,41.0294118,invalid: response is spatially diffuse,0.0625705882,4.87849505,1.46931823,run_005,7.16806171
1,40.1961351,4.03624367,run_010,6,50,605247874701918,33.353066,605247841348852,10.2513937,10,recording,605247835866581,5.482271,0.326007326,0.0183150183,164,True,41.0294118,41.0294118,invalid: response is spatially diffuse,0.0625705882,4.91752301,1.46931823,run_005,7.2254062
1,40.2294882,4.06959674,run_010,6,50,605247874701918,0,605247874701918,10.1157801,10,recording,605247865903719,8.798199,0.326007326,0.0183150183,164,True,41.0294118,41.0294118,invalid: response is spatially diffuse,0.0625705882,4.91752301,1.46931823,run_005,7.2254062
1,40.2630805,4.10318903,run_010,6,50,605247874701918,33.592288,605247908294206,10.1448038,10,recording,605247905854663,2.439543,0.323565324,0.0183150183,164,True,41.0294118,41.0294118,invalid: response is spatially diffuse,0.0625705882,4.87849505,1.46931823,run_005,7.16806171
1,40.2961692,4.13627772,run_010,6,50,605247874701918,66.68098,605247941382898,10.0065514,10,recording,605247936145431,5.237467,0.323565324,0.0183150183,164,True,41.0294118,41.0294118,invalid: response is spatially diffuse,0.0625705882,4.87849505,1.46931823,run_005,7.16806171
1,40.329633,4.16974158,run_010,6,50,605248074847617,100.000856,605247974846761,10.0778654,10,recording,605247965861853,8.984908,0.326007326,0.0183150183,164,True,41.0294118,41.0294118,invalid: response is spatially diffuse,0.0625705882,4.91752301,1.46931823,run_005,7.2254062
1,40.3631341,4.20324267,run_010,6,50,605248074847617,66.499771,605248008347846,10.2500902,10,waiting_for_target,605248005858501,2.489345,0.326007326,0.0183150183,164,True,41.0294118,41.0294118,invalid: response is spatially diffuse,0.0625705882,4.91752301,1.46931823,run_005,7.2254062
1,40.3963811,4.23648963,run_010,6,50,605248074847617,33.252809,605248041594808,9.90164125,15,waiting_for_target,605248035858644,5.736164,0.326007326,0.0183150183,164,True,41.0294118,41.0294118,invalid: response is spatially diffuse,0.0625705882,4.91752301,1.46931823,run_005,7.2254062
1,40.4296339,4.26974244,run_010,6,50,605248074847617,0,605248074847617,10.053017,15,waiting_for_target,605248065855364,8.992253,0.326007326,0.0183150183,164,True,41.0294118,41.0294118,invalid: response is spatially diffuse,0.0625705882,4.91752301,1.46931823,run_005,7.2254062
1,40.4637857,4.30389422,run_010,6,50,605248074847617,34.151781,605248108999398,10.1886252,15,waiting_for_target,605248106057880,2.941518,0.328449328,0.0183150183,164,True,41.0294118,41.0294118,invalid: response is spatially diffuse,0.0625705882,4.95655098,1.46931823,run_005,7.2827507
1,40.4963161,4.33642464,run_010,6,50,605248074847617,66.682198,605248141529815,10.140446,15,waiting_for_target,605248135859208,5.670607,0.326007326,0.0183150183,164,True,41.0294118,41.0294118,invalid: response is spatially diffuse,0.0625705882,4.91752301,1.46931823,run_005,7.2254062
1,40.5297565,4.36986502,run_010,6,50,605248275083597,100.113394,605248174970203,10.1915419,15,waiting_for_target,605248165893816,9.076387,0.328449328,0.0183150183,164,True,41.0294118,41.0294118,invalid: response is spatially diffuse,0.0625705882,4.95655098,1.46931823,run_005,7.2827507
1,40.596463,4.43657159,run_010,6,50,605248275083597,33.406829,605248241676768,11.015197,15,waiting_for_target,605248235856811,5.819957,0.326007326,0.0183150183,164,True,41.0294118,41.0294118,invalid: response is spatially diffuse,0.0625705882,4.91752301,1.46931823,run_005,7.2254062
1,40.6298699,4.46997842,run_010,6,50,605248275083597,0,605248275083597,11.4089689,15,waiting_for_target,605248265973661,9.109936,0.323565324,0.0183150183,164,True,41.0294118,41.0294118,invalid: response is spatially diffuse,0.0625705882,4.87849505,1.46931823,run_005,7.16806171
1,40.6635079,4.50361646,run_010,6,50,605248275083597,33.638043,605248308721640,12.1761996,15,waiting_for_target,605248305868640,2.853,0.330891331,0.0183150183,164,True,41.0294118,41.0294118,invalid: response is spatially diffuse,0.0625705882,4.99557894,1.46931823,run_005,7.34009519
1,40.6964347,4.53654331,run_010,6,50,605248275083597,66.564892,605248341648489,13.1802119,15,waiting_for_target,605248335855704,5.792785,0.357753358,0.0183150183,164,True,41.0294118,41.0294118,invalid: response is spatially diffuse,0.0625705882,5.4248865,1.46931823,run_005,7.97088462
1,40.7297957,4.56990424,run_010,6,50,605248275083597,99.925824,605248375009421,13.6219552,15,settling,605248365853788,9.155633,0.389499389,0.0183150183,164,True,41.0294118,41.0294118,invalid: response is spatially diffuse,0.0625705882,5.93224999,1.46931823,run_005,8.71636304
1,40.7635023,4.60361089,run_010,6,50,605248475295750,66.579679,605248408716071,14.020087,15,settling,605248405853463,2.862608,0.416361416,0.0183150183,164,True,41.0294118,41.0294118,invalid: response is spatially diffuse,0.0625705882,6.36155755,1.46931823,run_005,9.34715247
1,40.7967424,4.63685099,run_010,6,50,605248475295750,33.339585,605248441956165,14.3886366,15,settling,605248435831080,6.125085,0.433455433,0.0183150183,164,True,41.0294118,41.0294118,invalid: response is spatially diffuse,0.0625705882,6.63475327,1.46931823,run_005,9.74856392
1,40.830082,4.67019057,run_010,6,50,605248475295750,0,605248475295750,14.5530834,15,settling,605248465879440,9.41631,0.445665446,0.0183150183,164,True,41.0294118,41.0294118,invalid: response is spatially diffuse,0.0625705882,6.82989308,1.46931823,run_005,10.0352864
1,40.863557,4.70366561,run_010,6,50,605248475295750,33.475035,605248508770785,14.4365751,15,settling,605248505838335,2.93245,0.457875458,0.0183150183,164,True,41.0294118,40.9900401,invalid: response is spatially diffuse,0.0626099599,7.02061525,1.46931823,run_005,10.315518
1,40.8965742,4.73668274,run_010,6,50,605248475295750,66.492167,605248541787917,14.8269038,15,settling,605248535843256,5.944661,0.462759463,0.0183150183,164,True,41.0294118,40.9512069,invalid: response is spatially diffuse,0.0626487931,7.09422197,1.46931823,run_005,10.4236697
1,40.9301492,4.7702578,run_010,6,50,605248675350034,99.98706,605248575362974,14.8488373,15,settling,605248565878338,9.484636,0.474969475,0.0183150183,164,True,40.7941176,40.9117176,invalid: response is spatially diffuse,0.0626882824,7.28452653,1.46931823,run_005,10.7032876
1,40.9634909,4.80359946,run_010,6,50,605248675350034,66.645391,605248608704643,14.6387985,15,settling,605248605828524,2.876119,0.474969475,0.0183150183,164,True,40.7941176,40.8725027,invalid: response is spatially diffuse,0.0627274973,7.27997252,1.46931823,run_005,10.6965963
1,41.0301363,4.87024486,run_010,6,50,605248675350034,0,605248675350034,14.9266572,15,recording,605248665852396,9.497638,0.477411477,0.0183150183,164,True,40.7941176,40.7941176,invalid: response is spatially diffuse,0.0628058824,7.30976848,1.46931823,run_005,10.7403761
1,41.0637933,4.90390191,run_010,6,50,605248675350034,33.657051,605248709007085,14.5861639,15,recording,605248705864777,3.142308,0.482295482,0.0183150183,164,True,40.7941176,40.7941176,invalid: response is spatially diffuse,0.0628058824,7.38753197,1.46931823,run_005,10.8546354
1,41.0967571,4.93686562,run_010,6,50,605248675350034,66.620766,605248741970800,14.6863155,15,recording,605248735840633,6.130167,0.477411477,0.0183150183,164,True,40.7941176,40.7941176,invalid: response is spatially diffuse,0.0628058824,7.30976848,1.46931823,run_005,10.7403761
1,41.1301526,4.97026115,run_010,6,50,605248675350034,100.016293,605248775366327,14.8321491,15,recording,605248765847894,9.518433,0.47985348,0.0183150183,164,True,40.7941176,40.7941176,invalid: response is spatially diffuse,0.0628058824,7.34865023,1.46931823,run_005,10.7975057
1,41.1637051,5.0038137,run_010,6,50,605248875413232,66.494349,605248808918883,14.8352188,15,recording,605248805924307,2.994576,0.477411477,0.0183150183,164,True,40.7941176,40.7941176,invalid: response is spatially diffuse,0.0628058824,7.30976848,1.46931823,run_005,10.7403761
1,41.1968913,5.03699983,run_010,6,50,605248875413232,33.308225,605248842105007,14.5254848,15,recording,605248835833415,6.271592,0.47008547,0.0183150183,164,True,40.7941176,40.7941176,invalid: response is spatially diffuse,0.0628058824,7.19312324,1.46931823,run_005,10.5689871
1,41.2301995,5.07030805,run_010,6,50,605248875413232,0,605248875413232,14.7788819,15,recording,605248865856173,9.557059,0.484737485,0.0183150183,164,True,40.7941176,40.7941176,invalid: response is spatially diffuse,0.0628058824,7.42641372,1.46931823,run_005,10.911765
1,41.2638685,5.10397708,run_010,6,50,605248875413232,33.669031,605248909082263,14.7972998,15,recording,605248905860301,3.221962,0.482295482,0.0183150183,164,True,40.7941176,40.7941176,invalid: response is spatially diffuse,0.0628058824,7.38753197,1.46931823,run_005,10.8546354
1,41.2969111,5.13701971,run_010,6,50,605248875413232,66.711653,605248942124885,14.676964,15,waiting_for_target,605248935820278,6.304607,0.47985348,0.0183150183,164,True,40.7941176,40.7941176,invalid: response is spatially diffuse,0.0628058824,7.34865023,1.46931823,run_005,10.7975057
1,41.3302983,5.17040692,run_010,6,50,605249075538311,100.026217,605248975512094,14.6281078,20,waiting_for_target,605248966186883,9.325211,0.47985348,0.0183150183,164,True,40.7941176,40.7941176,invalid: response is spatially diffuse,0.0628058824,7.34865023,1.46931823,run_005,10.7975057
1,41.3657481,5.2058567,run_010,6,50,605249075538311,64.576431,605249010961880,14.7554289,20,waiting_for_target,605249005852403,5.109477,0.48962149,0.0183150183,164,True,40.7941176,40.7941176,invalid: response is spatially diffuse,0.0628058824,7.50417721,1.46931823,run_005,11.0260244
1,41.3969969,5.2371055,run_010,6,50,605249075538311,33.32763,605249042210681,14.732159,20,waiting_for_target,605249035828930,6.381751,0.484737485,0.0183150183,164,True,40.7941176,40.7941176,invalid: response is spatially diffuse,0.0628058824,7.42641372,1.46931823,run_005,10.911765
1,41.4303246,5.27043313,run_010,6,50,605249075538311,0,605249075538311,14.6165779,20,waiting_for_target,605249065827828,9.710483,0.484737485,0.0183150183,164,True,40.7941176,40.7941176,invalid: response is spatially diffuse,0.0628058824,7.42641372,1.46931823,run_005,10.911765
1,41.4639348,5.30404337,run_010,6,50,605249075538311,33.610238,605249109148549,14.6116306,20,waiting_for_target,605249105853226,3.295323,0.482295482,0.0183150183,164,True,40.7941176,40.7941176,invalid: response is spatially diffuse,0.0628058824,7.38753197,1.46931823,run_005,10.8546354
1,41.4970327,5.33714131,run_010,6,50,605249075538311,66.708182,605249142246493,14.7908114,20,waiting_for_target,605249135937751,6.308742,0.482295482,0.0183150183,164,True,40.7941176,40.7941176,invalid: response is spatially diffuse,0.0628058824,7.38753197,1.46931823,run_005,10.8546354
1,41.5304954,5.37060397,run_010,6,50,605249275637290,99.92814,605249175709150,14.7771645,20,waiting_for_target,605249165852972,9.856178,0.47985348,0.0183150183,164,True,40.7941176,40.7941176,invalid: response is spatially diffuse,0.0628058824,7.34865023,1.46931823,run_005,10.7975057
1,41.5640207,5.40412927,run_010,6,50,605249275637290,66.402837,605249209234453,14.9957247,20,waiting_for_target,605249205828354,3.406099,0.487179487,0.0183150183,164,True,40.7941176,40.7941176,invalid: response is spatially diffuse,0.0628058824,7.46529547,1.46931823,run_005,10.9688947
1,41.5971045,5.43721309,run_010,6,50,605249275637290,33.319021,605249242318269,15.5364102,20,waiting_for_target,605249235852537,6.465732,0.482295482,0.0183150183,164,True,40.7941176,40.7941176,invalid: response is spatially diffuse,0.0628058824,7.38753197,1.46931823,run_005,10.8546354
1,41.6304235,5.47053211,run_010,6,50,605249275637290,0,605249275637290,15.8514088,20,waiting_for_target,605249265830190,9.8071,0.487179487,0.0183150183,164,True,40.7941176,40.7941176,invalid: response is spatially diffuse,0.0628058824,7.46529547,1.46931823,run_005,10.9688947
1,41.6642929,5.50440151,run_010,6,50,605249275637290,33.869396,605249309506686,16.5155449,20,waiting_for_target,605249305883144,3.623542,0.484737485,0.0183150183,164,True,40.7941176,40.7941176,invalid: response is spatially diffuse,0.0628058824,7.42641372,1.46931823,run_005,10.911765
1,41.6973401,5.53744871,run_010,6,50,605249275637290,66.916603,605249342553893,17.2427984,20,waiting_for_target,605249335837447,6.716446,0.501831502,0.0183150183,164,True,40.7941176,40.7941176,invalid: response is spatially diffuse,0.0628058824,7.69858595,1.46931823,run_005,11.3116727
1,41.7306223,5.57073083,run_010,6,50,605249475899201,100.063188,605249375836013,17.7455319,20,waiting_for_target,605249365844075,9.991938,0.531135531,0.0183150183,164,True,40.7941176,40.7941176,invalid: response is spatially diffuse,0.0628058824,8.16516692,1.46931823,run_005,11.9972286
1,41.7654047,5.60551329,run_010,6,50,605249475899201,65.280729,605249410618472,18.0643578,20,settling,605249405888029,4.730443,0.57020757,0.0183150183,164,True,40.7941176,40.7941176,invalid: response is spatially diffuse,0.0628058824,8.78727487,1.46931823,run_005,12.9113031
1,41.7972839,5.63739247,run_010,6,50,605249475899201,33.401552,605249442497649,17.8152112,20,waiting_for_target,605249435861758,6.635891,0.604395604,0.0183150183,164,True,40.7941176,40.7941176,invalid: response is spatially diffuse,0.0628058824,9.33161933,1.46931823,run_005,13.7111184
1,41.8306855,5.67079402,run_010,6,50,605249475899201,0,605249475899201,18.0655128,20,settling,605249475836603,0.062598,0.616605617,0.0183150183,164,True,40.7941176,40.7941176,invalid: response is spatially diffuse,0.0628058824,9.52602807,1.46931823,run_005,13.9967667
1,41.8641524,5.70426098,run_010,6,50,605249475899201,33.466958,605249509366159,18.1126161,20,settling,605249505856128,3.510031,0.621489621,0.0183150183,164,True,40.7941176,40.7941176,invalid: response is spatially diffuse,0.0628058824,9.60379157,1.46931823,run_005,14.111026
1,41.8973808,5.73748932,run_010,6,50,605249475899201,66.695302,605249542594503,18.6963461,20,settling,605249535860535,6.733968,0.626373626,0.0183150183,164,True,40.7941176,40.7941176,invalid: response is spatially diffuse,0.0628058824,9.68155506,1.46931823,run_005,14.2252853
1,41.930691,5.77079956,run_010,6,50,605249475899201,100.005538,605249575904739,18.721802,20,settling,605249575850084,0.054655,0.631257631,0.0183150183,164,True,40.7941176,40.7941176,invalid: response is spatially diffuse,0.0628058824,9.75931855,1.46931823,run_005,14.3395446
1,41.9649864,5.80509497,run_010,6,50,605249676061054,65.860907,605249610200147,19.3032941,20,settling,605249605856290,4.343857,0.641025641,0.0183150183,164,True,40.7941176,40.7941176,invalid: response is spatially diffuse,0.0628058824,9.91484554,1.46931823,run_005,14.5680633
1,41.9973762,5.83748474,run_010,6,50,605249676061054,33.471132,605249642589922,19.5285937,20,settling,605249635854983,6.734939,0.633699634,0.0183150183,164,True,40.7941176,40.7941176,invalid: response is spatially diffuse,0.0628058824,9.7982003,1.46931823,run_005,14.3966743
1,42.0308473,5.87095587,run_010,6,50,605249676061054,0,605249676061054,19.5154796,20,settling,605249675849737,0.211317,0.636141636,0.0183150183,164,True,40.7941176,40.7941176,invalid: response is spatially diffuse,0.0628058824,9.83708205,1.46931823,run_005,14.453804
1,42.0642751,5.90438366,run_010,6,50,605249676061054,33.427787,605249709488841,19.6771797,20,settling,605249705871238,3.617603,0.636141636,0.0183150183,164,True,40.7941176,40.7941176,invalid: response is spatially diffuse,0.0628058824,9.83708205,1.46931823,run_005,14.453804
1,42.0975261,5.93763463,run_010,6,50,605249676061054,66.678758,605249742739812,19.6946017,20,recording,605249735850809,6.889003,0.638583639,0.0183150183,164,True,40.7941176,40.7941176,invalid: response is spatially diffuse,0.0628058824,9.8759638,1.46931823,run_005,14.5109336
1,42.1308249,5.97093343,run_010,6,50,605249676061054,99.977558,605249776038612,20.2229887,20,recording,605249775850632,0.18798,0.645909646,0.0183150183,164,True,40.7941176,40.7941176,invalid: response is spatially diffuse,0.0628058824,9.99260904,1.46931823,run_005,14.6823226
1,42.1653081,6.00541671,run_010,6,50,605249876131693,65.609809,605249810521884,20.2984897,20,recording,605249805833287,4.688597,0.648351648,0.0183150183,164,True,40.7941176,40.7941176,invalid: response is spatially diffuse,0.0628058824,10.0314908,1.46931823,run_005,14.7394523
1,42.1975548,6.03766336,run_010,6,50,605249876131693,33.363154,605249842768539,20.7544254,20,recording,605249836328667,6.439872,0.638583639,0.0183150183,164,True,40.7941176,40.7941176,invalid: response is spatially diffuse,0.0628058824,9.8759638,1.46931823,run_005,14.5109336
1,42.2309179,6.07102651,run_010,6,50,605249876131693,0,605249876131693,20.9852772,20,recording,605249875869142,0.262551,0.653235653,0.0183150183,164,True,40.7941176,40.7941176,invalid: response is spatially diffuse,0.0628058824,10.1092543,1.46931823,run_005,14.8537116
1,42.2645989,6.10470742,run_010,6,50,605249876131693,33.680902,605249909812595,20.952966,20,recording,605249905850973,3.961622,0.648351648,0.0183150183,164,True,40.7941176,40.7941176,invalid: response is spatially diffuse,0.0628058824,10.0314908,1.46931823,run_005,14.7394523
1,42.2976156,6.13772419,run_010,6,50,605249876131693,66.697679,605249942829372,21.1046323,20,recording,605249935854577,6.974795,0.655677656,0.0183150183,164,True,40.7941176,40.7941176,invalid: response is spatially diffuse,0.0628058824,10.148136,1.46931823,run_005,14.9108412
1,42.3309794,6.17108798,run_010,6,50,605249876131693,100.061471,605249976193164,20.9342123,20,recording,605249975866874,0.32629,0.663003663,0.0183150183,164,True,40.7941176,40.7941176,invalid: response is spatially diffuse,0.0628058824,10.2647813,1.46931823,run_005,15.0822302
1,42.365926,6.20603458,run_010,6,50,605250076368479,65.228718,605250011139761,20.7910207,20,release,605250006285863,4.853898,0.663003663,0.0183150183,164,True,40.7941176,40.7941176,invalid: response is spatially diffuse,0.0628058824,10.2647813,1.46931823,run_005,15.0822302
1,42.3977244,6.23783299,run_010,6,50,605250076368479,33.430305,605250042938174,20.6947622,,release,605250035868319,7.069855,0.655677656,0.0183150183,164,True,40.7941176,40.7941176,invalid: response is spatially diffuse,0.0628058824,10.148136,1.46931823,run_005,14.9108412
1,42.4311547,6.2712633,run_010,6,50,605250076368479,0,605250076368479,20.8060558,,release,605250075830362,0.538117,0.663003663,0.0183150183,164,True,40.7941176,40.7941176,invalid: response is spatially diffuse,0.0628058824,10.2647813,1.46931823,run_005,15.0822302
1,42.4649548,6.30506341,run_010,6,50,605250076368479,33.800106,605250110168585,20.8030073,,release,605250105867456,4.301129,0.667887668,0.0183150183,164,True,40.7941176,40.7941176,invalid: response is spatially diffuse,0.0628058824,10.3425448,1.46931823,run_005,15.1964895
1,42.4979768,6.33808534,run_010,6,50,605250076368479,66.822043,605250143190522,20.7637919,,release,605250135847949,7.342573,0.663003663,0.0183150183,164,True,40.7941176,40.7941176,invalid: response is spatially diffuse,0.0628058824,10.2647813,1.46931823,run_005,15.0822302
1,42.5311243,6.37123285,run_010,6,50,605250076368479,99.969546,605250176338025,20.6731995,,release,605250175984370,0.353655,0.667887668,0.0183150183,164,True,40.7941176,40.7941176,invalid: response is spatially diffuse,0.0628058824,10.3425448,1.46931823,run_005,15.1964895
1,42.5654376,6.40554619,run_010,6,50,605250276615492,65.964121,605250210651371,20.3895013,,release,605250205853038,4.798333,0.67032967,0.0183150183,164,True,40.7941176,40.7941176,invalid: response is spatially diffuse,0.0628058824,10.3814265,1.46931823,run_005,15.2536192
1,42.5978256,6.43793421,run_010,6,50,605250276615492,33.576102,605250243039390,20.1656177,,release,605250235856799,7.182591,0.663003663,0.0183150183,164,True,40.7941176,40.7941176,invalid: response is spatially diffuse,0.0628058824,10.2647813,1.46931823,run_005,15.0822302
1,42.6314017,6.47151031,run_010,6,50,605250276615492,0,605250276615492,20.0612975,,release,605250275845348,0.770144,0.653235653,0.0183150183,164,True,40.7941176,40.7941176,invalid: response is spatially diffuse,0.0628058824,10.1092543,1.46931823,run_005,14.8537116
1,42.6655619,6.50567042,run_010,6,50,605250276615492,34.160104,605250310775596,19.9329942,,release,605250305875844,4.899752,0.655677656,0.0183150183,164,True,40.7941176,40.7941176,invalid: response is spatially diffuse,0.0628058824,10.148136,1.46931823,run_005,14.9108412
1,42.697909,6.53801758,run_010,6,50,605250276615492,66.507266,605250343122758,19.3384506,,release,605250335848016,7.274742,0.667887668,0.0183150183,164,True,40.7941176,40.7941176,invalid: response is spatially diffuse,0.0628058824,10.3425448,1.46931823,run_005,15.1964895
1,42.7313108,6.57141933,run_010,6,50,605250276615492,99.909015,605250376524507,18.9788172,,release,605250375854419,0.670088,0.655677656,0.0183150183,164,True,40.7941176,40.7941176,invalid: response is spatially diffuse,0.0628058824,10.148136,1.46931823,run_005,14.9108412
1,42.7656497,6.60575826,run_010,6,50,605250510085011,99.221574,605250410863437,18.1806854,,release,605250405863781,4.999656,0.660561661,0.0183150183,164,True,40.7941176,40.7941176,invalid: response is spatially diffuse,0.0628058824,10.2258995,1.46931823,run_005,15.0251006
1,42.7983189,6.63842745,run_010,6,50,605250510085011,66.552385,605250443532626,17.3975282,,release,605250435855017,7.677609,0.660561661,0.0183150183,164,True,40.7941176,40.7941176,invalid: response is spatially diffuse,0.0628058824,10.2258995,1.46931823,run_005,15.0251006
1,42.8313842,6.67149274,run_010,6,50,605250510085011,33.487089,605250476597922,16.2665664,,release,605250475857038,0.740884,0.663003663,0.0183150183,164,True,40.7941176,40.7941176,invalid: response is spatially diffuse,0.0628058824,10.2647813,1.46931823,run_005,15.0822302
1,42.8648713,6.70497983,run_010,6,50,605250510085011,0,605250510085011,15.1589454,,release,605250505851496,4.233515,0.658119658,0.0183150183,164,True,40.7941176,40.7941176,invalid: response is spatially diffuse,0.0628058824,10.1870178,1.46931823,run_005,14.9679709
1,42.8980698,6.73817841,run_010,6,50,605250510085011,33.198582,605250543283593,13.2843504,,release,605250535856743,7.42685,0.667887668,0.0183150183,164,True,40.7941176,40.7941176,invalid: response is spatially diffuse,0.0628058824,10.3425448,1.46931823,run_005,15.1964895
1,42.9313999,6.77150842,run_010,6,50,605250510085011,66.52859,605250576613601,11.8201238,,release,605250575847865,0.765736,0.665445665,0.0183150183,164,True,40.7941176,40.7941176,invalid: response is spatially diffuse,0.0628058824,10.303663,1.46931823,run_005,15.1393599
1,42.9650036,6.80511214,run_010,6,50,605250710281848,100.064526,605250610217322,11.2200433,,release,605250605888046,4.329276,0.650793651,0.0183150183,164,True,40.7941176,40.7941176,invalid: response is spatially diffuse,0.0628058824,10.0703725,1.46931823,run_005,14.7965819
1,42.9982048,6.83831341,run_010,6,50,605250710281848,66.863255,605250643418593,10.4831466,,release,605250635874859,7.543734,0.650793651,0.0183150183,164,True,40.7941176,40.7941176,invalid: response is spatially diffuse,0.0628058824,10.0703725,1.46931823,run_005,14.7965819
1,43.0314828,6.87159138,run_010,6,50,605250710281848,33.58529,605250676696558,9.73607447,,release,605250675849787,0.846771,0.626373626,0.0183150183,164,True,40.7941176,40.7941176,invalid: response is spatially diffuse,0.0628058824,9.68155506,1.46931823,run_005,14.2252853
1,43.0650681,6.90517667,run_010,6,50,605250710281848,0,605250710281848,9.19283504,,release,605250705877561,4.404287,0.616605617,0.0183150183,164,True,40.7941176,40.7941176,invalid: response is spatially diffuse,0.0628058824,9.52602807,1.46931823,run_005,13.9967667
1,43.0982369,6.93834544,run_010,6,50,605250710281848,33.168769,605250743450617,8.08120887,,release,605250735865765,7.584852,0.601953602,0.0183150183,164,True,40.7941176,40.8331153,invalid: response is spatially diffuse,0.0627668847,9.29851126,1.46931823,run_005,13.6624721
1,43.1315508,6.97165941,run_010,6,50,605250710281848,66.482739,605250776764587,7.53174958,,release,605250775831090,0.933497,0.511599512,0.0183150183,164,True,40.7941176,40.8722838,invalid: response is spatially diffuse,0.0627277162,7.86390009,1.46931823,run_005,11.5545717
1,43.1651349,7.00524347,run_010,6,50,605250910406876,100.058224,605250810348652,6.55554106,,release,605250805908089,4.440563,0.462759463,0.0183150183,164,True,41.0294118,40.9117697,invalid: response is spatially diffuse,0.0626882303,7.089759,1.46931823,run_005,10.4171121
1,43.1983112,7.03841976,run_010,6,50,605250910406876,66.881939,605250843524937,5.84191377,,release,605250835856492,7.668445,0.421245421,0.0183150183,164,True,41.0294118,40.9507763,invalid: response is spatially diffuse,0.0626492237,6.43153066,1.46931823,run_005,9.44996523
1,43.2316361,7.07174468,run_010,6,50,605250910406876,33.557018,605250876849858,5.13581552,,release,605250875865360,0.984498,0.365079365,0.0183150183,164,True,41.0294118,40.9899576,invalid: response is spatially diffuse,0.0626100424,5.53847807,1.46931823,run_005,8.13778678
1,43.2651931,7.1053017,run_010,6,50,605250910406876,0,605250910406876,4.86926102,,release,605250905853719,4.553157,0.352869353,0.0183150183,164,True,41.0294118,41.0294118,invalid: response is spatially diffuse,0.0625705882,5.34683058,1.46931823,run_005,7.85619563
1,43.2983471,7.13845569,run_010,6,50,605250910406876,33.153989,605250943560865,4.17670537,,release,605250935856540,7.704325,0.330891331,0.0183150183,164,True,41.0294118,41.0294118,invalid: response is spatially diffuse,0.0625705882,4.99557894,1.46931823,run_005,7.34009519
1,43.3317816,7.17189017,run_010,6,50,605250910406876,66.588472,605250976995348,3.53860769,,release,605250975852369,1.142979,0.277167277,0.0183150183,164,True,41.0294118,41.0294118,invalid: response is spatially diffuse,0.0625705882,4.13696381,1.46931823,run_005,6.07851633
1,43.3654039,7.20551245,run_010,6,50,605251110652148,100.034524,605251010617624,3.33960251,,release,605251005858413,4.759211,0.264957265,0.0183150183,164,True,41.0294118,41.0294118,invalid: response is spatially diffuse,0.0625705882,3.941824,1.46931823,run_005,5.79179386
1,43.3987505,7.23885902,run_010,6,50,605251110652148,66.68795,605251043964198,2.93871054,,release,605251036259018,7.70518,0.252747253,0.0183150183,164,True,41.0294118,41.0294118,invalid: response is spatially diffuse,0.0625705882,3.7466842,1.46931823,run_005,5.50507139
1,43.4317922,7.27190079,run_010,6,50,605251110652148,33.646178,605251077005970,2.54852301,,release,605251075848885,1.157085,0.211233211,0.0183150183,164,True,41.0294118,41.0294118,invalid: response is spatially diffuse,0.0625705882,3.08320887,1.46931823,run_005,4.530215
1,43.4654384,7.30554697,run_010,6,50,605251110652148,0,605251110652148,2.52520245,,release,605251105860657,4.791491,0.203907204,0.0183150183,164,True,41.0294118,41.0294118,invalid: response is spatially diffuse,0.0625705882,2.96612499,1.46931823,run_005,4.35818152
1,43.4984814,7.33858994,run_010,6,50,605251110652148,33.042968,605251143695116,2.37569671,,release,605251135913683,7.781433,0.191697192,0.0183150183,164,True,41.0294118,41.0294118,invalid: response is spatially diffuse,0.0625705882,2.77098519,1.46931823,run_005,4.07145905
1,43.53187,7.37197859,run_010,6,50,605251110652148,66.431619,605251177083767,2.09299071,,release,605251175849459,1.234308,0.179487179,0.0183150183,164,True,41.0294118,41.0294118,invalid: response is spatially diffuse,0.0625705882,2.57584539,1.46931823,run_005,3.78473658
1,43.5656277,7.40573631,run_010,6,50,605251110652148,100.189344,605251210841492,2.15025252,,release,605251206059634,4.781858,0.179487179,0.0183150183,164,True,41.0294118,41.0294118,invalid: response is spatially diffuse,0.0625705882,2.57584539,1.46931823,run_005,3.78473658
1,43.5987929,7.43890143,run_010,6,50,605251110652148,133.354456,605251244006604,2.20818084,,release,605251235861558,8.145046,0.174603175,0.0183150183,164,True,41.0294118,41.0294118,invalid: response is spatially diffuse,0.0625705882,2.49778947,1.46931823,run_005,3.67004759
1,43.6319125,7.47202106,run_010,6,50,605251110652148,166.474093,605251277126241,2.03169423,,release,605251275846999,1.279242,0.172161172,0.0183150183,164,True,41.0294118,41.0294118,invalid: response is spatially diffuse,0.0625705882,2.45876151,1.46931823,run_005,3.6127031
1,43.665388,7.50549659,run_010,6,50,605251110652148,199.949625,605251310601773,1.94244334,,release,605251305873807,4.727966,0.16971917,0.0183150183,164,True,41.0294118,41.0294118,invalid: response is spatially diffuse,0.0625705882,2.41973355,1.46931823,run_005,3.55535861
